eventID,parentEventID,eventDate,type,eventType,language,license,bibliographicCitation,institutionCode,datasetName,samplingProtocol,year,month,day,continent,country,countryCode,stateProvince,municipality,locality,decimalLatitude,decimalLongitude,verbatimCoordinates,verbatimElevation,habitat,eventRemarks,fieldNumber,locationID
ASH01,NA,,Event,Site,en,https://creativecommons.org/licenses/by/4.0/legalcode.es,"Lasa, A.V.; Fernández-González, A.J.; Villadas, P.J.; Mercado-Blanco, J.; Pérez-Luque, A.J.; Fernández-López, M. (2024). Mediterranean pine forest decline: a matter of root-associated microbiota and climate change. Science of The Total Environment 926: 171858. doi: 10.1016/j.scitotenv.2024.171858",CSIC-EEZ,Root-associated microbiota of decline-affected and asymptomatic Pinus sylvestris trees,NA,,,,Europe,Spain,ES,Granada,Alhama de Granada,Cuerda Granada al puerto de Cómpeta,36.8813888889,-3.92538888889,36⁰ 52’ 53’’ N 03⁰ 55’ 31.4’’ W,1510,Pinus sylvestris tree,asymptomatic,ASH01,Sierra de Almijara
ASH02,NA,,Event,Site,en,https://creativecommons.org/licenses/by/4.0/legalcode.es,"Lasa, A.V.; Fernández-González, A.J.; Villadas, P.J.; Mercado-Blanco, J.; Pérez-Luque, A.J.; Fernández-López, M. (2024). Mediterranean pine forest decline: a matter of root-associated microbiota and climate change. Science of The Total Environment 926: 171858. doi: 10.1016/j.scitotenv.2024.171858",CSIC-EEZ,Root-associated microbiota of decline-affected and asymptomatic Pinus sylvestris trees,NA,,,,Europe,Spain,ES,Granada,Alhama de Granada,Cuerda Granada al puerto de Cómpeta,36.8813888889,-3.92538888889,36⁰ 52’ 53’’ N 03⁰ 55’ 31.4’’ W,1510,Pinus sylvestris tree,asymptomatic,ASH02,Sierra de Almijara
ASH03,NA,,Event,Site,en,https://creativecommons.org/licenses/by/4.0/legalcode.es,"Lasa, A.V.; Fernández-González, A.J.; Villadas, P.J.; Mercado-Blanco, J.; Pérez-Luque, A.J.; Fernández-López, M. (2024). Mediterranean pine forest decline: a matter of root-associated microbiota and climate change. Science of The Total Environment 926: 171858. doi: 10.1016/j.scitotenv.2024.171858",CSIC-EEZ,Root-associated microbiota of decline-affected and asymptomatic Pinus sylvestris trees,NA,,,,Europe,Spain,ES,Granada,Alhama de Granada,Cuerda Granada al puerto de Cómpeta,36.8813888889,-3.92538888889,36⁰ 52’ 53’’ N 03⁰ 55’ 31.4’’ W,1510,Pinus sylvestris tree,asymptomatic,ASH03,Sierra de Almijara
ASH04,NA,,Event,Site,en,https://creativecommons.org/licenses/by/4.0/legalcode.es,"Lasa, A.V.; Fernández-González, A.J.; Villadas, P.J.; Mercado-Blanco, J.; Pérez-Luque, A.J.; Fernández-López, M. (2024). Mediterranean pine forest decline: a matter of root-associated microbiota and climate change. Science of The Total Environment 926: 171858. doi: 10.1016/j.scitotenv.2024.171858",CSIC-EEZ,Root-associated microbiota of decline-affected and asymptomatic Pinus sylvestris trees,NA,,,,Europe,Spain,ES,Granada,Alhama de Granada,Cuerda Granada al puerto de Cómpeta,36.8813888889,-3.92538888889,36⁰ 52’ 53’’ N 03⁰ 55’ 31.4’’ W,1510,Pinus sylvestris tree,asymptomatic,ASH04,Sierra de Almijara
ASH05,NA,,Event,Site,en,https://creativecommons.org/licenses/by/4.0/legalcode.es,"Lasa, A.V.; Fernández-González, A.J.; Villadas, P.J.; Mercado-Blanco, J.; Pérez-Luque, A.J.; Fernández-López, M. (2024). Mediterranean pine forest decline: a matter of root-associated microbiota and climate change. Science of The Total Environment 926: 171858. doi: 10.1016/j.scitotenv.2024.171858",CSIC-EEZ,Root-associated microbiota of decline-affected and asymptomatic Pinus sylvestris trees,NA,,,,Europe,Spain,ES,Granada,Alhama de Granada,Cuerda Granada al puerto de Cómpeta,36.8813888889,-3.92538888889,36⁰ 52’ 53’’ N 03⁰ 55’ 31.4’’ W,1510,Pinus sylvestris tree,asymptomatic,ASH05,Sierra de Almijara
ASH06,NA,,Event,Site,en,https://creativecommons.org/licenses/by/4.0/legalcode.es,"Lasa, A.V.; Fernández-González, A.J.; Villadas, P.J.; Mercado-Blanco, J.; Pérez-Luque, A.J.; Fernández-López, M. (2024). Mediterranean pine forest decline: a matter of root-associated microbiota and climate change. Science of The Total Environment 926: 171858. doi: 10.1016/j.scitotenv.2024.171858",CSIC-EEZ,Root-associated microbiota of decline-affected and asymptomatic Pinus sylvestris trees,NA,,,,Europe,Spain,ES,Granada,Alhama de Granada,Cuerda Granada al puerto de Cómpeta,36.8813888889,-3.92538888889,36⁰ 52’ 53’’ N 03⁰ 55’ 31.4’’ W,1510,Pinus sylvestris tree,asymptomatic,ASH06,Sierra de Almijara
ASH07,NA,,Event,Site,en,https://creativecommons.org/licenses/by/4.0/legalcode.es,"Lasa, A.V.; Fernández-González, A.J.; Villadas, P.J.; Mercado-Blanco, J.; Pérez-Luque, A.J.; Fernández-López, M. (2024). Mediterranean pine forest decline: a matter of root-associated microbiota and climate change. Science of The Total Environment 926: 171858. doi: 10.1016/j.scitotenv.2024.171858",CSIC-EEZ,Root-associated microbiota of decline-affected and asymptomatic Pinus sylvestris trees,NA,,,,Europe,Spain,ES,Granada,Alhama de Granada,Cuerda Granada al puerto de Cómpeta,36.8813888889,-3.92538888889,36⁰ 52’ 53’’ N 03⁰ 55’ 31.4’’ W,1510,Pinus sylvestris tree,asymptomatic,ASH07,Sierra de Almijara
ASH08,NA,,Event,Site,en,https://creativecommons.org/licenses/by/4.0/legalcode.es,"Lasa, A.V.; Fernández-González, A.J.; Villadas, P.J.; Mercado-Blanco, J.; Pérez-Luque, A.J.; Fernández-López, M. (2024). Mediterranean pine forest decline: a matter of root-associated microbiota and climate change. Science of The Total Environment 926: 171858. doi: 10.1016/j.scitotenv.2024.171858",CSIC-EEZ,Root-associated microbiota of decline-affected and asymptomatic Pinus sylvestris trees,NA,,,,Europe,Spain,ES,Granada,Alhama de Granada,Cuerda Granada al puerto de Cómpeta,36.8813888889,-3.92538888889,36⁰ 52’ 53’’ N 03⁰ 55’ 31.4’’ W,1510,Pinus sylvestris tree,asymptomatic,ASH08,Sierra de Almijara
ASH09,NA,,Event,Site,en,https://creativecommons.org/licenses/by/4.0/legalcode.es,"Lasa, A.V.; Fernández-González, A.J.; Villadas, P.J.; Mercado-Blanco, J.; Pérez-Luque, A.J.; Fernández-López, M. (2024). Mediterranean pine forest decline: a matter of root-associated microbiota and climate change. Science of The Total Environment 926: 171858. doi: 10.1016/j.scitotenv.2024.171858",CSIC-EEZ,Root-associated microbiota of decline-affected and asymptomatic Pinus sylvestris trees,NA,,,,Europe,Spain,ES,Granada,Alhama de Granada,Cuerda Granada al puerto de Cómpeta,36.8813888889,-3.92538888889,36⁰ 52’ 53’’ N 03⁰ 55’ 31.4’’ W,1510,Pinus sylvestris tree,asymptomatic,ASH09,Sierra de Almijara
ASH10,NA,,Event,Site,en,https://creativecommons.org/licenses/by/4.0/legalcode.es,"Lasa, A.V.; Fernández-González, A.J.; Villadas, P.J.; Mercado-Blanco, J.; Pérez-Luque, A.J.; Fernández-López, M. (2024). Mediterranean pine forest decline: a matter of root-associated microbiota and climate change. Science of The Total Environment 926: 171858. doi: 10.1016/j.scitotenv.2024.171858",CSIC-EEZ,Root-associated microbiota of decline-affected and asymptomatic Pinus sylvestris trees,NA,,,,Europe,Spain,ES,Granada,Alhama de Granada,Cuerda Granada al puerto de Cómpeta,36.8813888889,-3.92538888889,36⁰ 52’ 53’’ N 03⁰ 55’ 31.4’’ W,1510,Pinus sylvestris tree,asymptomatic,ASH10,Sierra de Almijara
ASH11,NA,,Event,Site,en,https://creativecommons.org/licenses/by/4.0/legalcode.es,"Lasa, A.V.; Fernández-González, A.J.; Villadas, P.J.; Mercado-Blanco, J.; Pérez-Luque, A.J.; Fernández-López, M. (2024). Mediterranean pine forest decline: a matter of root-associated microbiota and climate change. Science of The Total Environment 926: 171858. doi: 10.1016/j.scitotenv.2024.171858",CSIC-EEZ,Root-associated microbiota of decline-affected and asymptomatic Pinus sylvestris trees,NA,,,,Europe,Spain,ES,Granada,Alhama de Granada,Cuerda Granada al puerto de Cómpeta,36.8813888889,-3.92538888889,36⁰ 52’ 53’’ N 03⁰ 55’ 31.4’’ W,1510,Pinus sylvestris tree,asymptomatic,ASH11,Sierra de Almijara
ASH12,NA,,Event,Site,en,https://creativecommons.org/licenses/by/4.0/legalcode.es,"Lasa, A.V.; Fernández-González, A.J.; Villadas, P.J.; Mercado-Blanco, J.; Pérez-Luque, A.J.; Fernández-López, M. (2024). Mediterranean pine forest decline: a matter of root-associated microbiota and climate change. Science of The Total Environment 926: 171858. doi: 10.1016/j.scitotenv.2024.171858",CSIC-EEZ,Root-associated microbiota of decline-affected and asymptomatic Pinus sylvestris trees,NA,,,,Europe,Spain,ES,Granada,Alhama de Granada,Cuerda Granada al puerto de Cómpeta,36.8813888889,-3.92538888889,36⁰ 52’ 53’’ N 03⁰ 55’ 31.4’’ W,1510,Pinus sylvestris tree,asymptomatic,ASH12,Sierra de Almijara
BSD01,NA,,Event,Site,en,https://creativecommons.org/licenses/by/4.0/legalcode.es,"Lasa, A.V.; Fernández-González, A.J.; Villadas, P.J.; Mercado-Blanco, J.; Pérez-Luque, A.J.; Fernández-López, M. (2024). Mediterranean pine forest decline: a matter of root-associated microbiota and climate change. Science of The Total Environment 926: 171858. doi: 10.1016/j.scitotenv.2024.171858",CSIC-EEZ,Root-associated microbiota of decline-affected and asymptomatic Pinus sylvestris trees,NA,,,,Europe,Spain,ES,Granada,Baza,Cortijo del Moro,37.2890833333,-2.70555555556,37⁰ 17’ 20.7’’ N 02⁰ 42’ 20.0’’ W,1584,Pinus sylvestris tree,symptomatic,BSD01,Sierra de Baza
BSD02,NA,,Event,Site,en,https://creativecommons.org/licenses/by/4.0/legalcode.es,"Lasa, A.V.; Fernández-González, A.J.; Villadas, P.J.; Mercado-Blanco, J.; Pérez-Luque, A.J.; Fernández-López, M. (2024). Mediterranean pine forest decline: a matter of root-associated microbiota and climate change. Science of The Total Environment 926: 171858. doi: 10.1016/j.scitotenv.2024.171858",CSIC-EEZ,Root-associated microbiota of decline-affected and asymptomatic Pinus sylvestris trees,NA,,,,Europe,Spain,ES,Granada,Baza,Cortijo del Moro,37.2890833333,-2.70555555556,37⁰ 17’ 20.7’’ N 02⁰ 42’ 20.0’’ W,1584,Pinus sylvestris tree,symptomatic,BSD02,Sierra de Baza
BSD03,NA,,Event,Site,en,https://creativecommons.org/licenses/by/4.0/legalcode.es,"Lasa, A.V.; Fernández-González, A.J.; Villadas, P.J.; Mercado-Blanco, J.; Pérez-Luque, A.J.; Fernández-López, M. (2024). Mediterranean pine forest decline: a matter of root-associated microbiota and climate change. Science of The Total Environment 926: 171858. doi: 10.1016/j.scitotenv.2024.171858",CSIC-EEZ,Root-associated microbiota of decline-affected and asymptomatic Pinus sylvestris trees,NA,,,,Europe,Spain,ES,Granada,Baza,Cortijo del Moro,37.2890833333,-2.70555555556,37⁰ 17’ 20.7’’ N 02⁰ 42’ 20.0’’ W,1584,Pinus sylvestris tree,symptomatic,BSD03,Sierra de Baza
BSD04,NA,,Event,Site,en,https://creativecommons.org/licenses/by/4.0/legalcode.es,"Lasa, A.V.; Fernández-González, A.J.; Villadas, P.J.; Mercado-Blanco, J.; Pérez-Luque, A.J.; Fernández-López, M. (2024). Mediterranean pine forest decline: a matter of root-associated microbiota and climate change. Science of The Total Environment 926: 171858. doi: 10.1016/j.scitotenv.2024.171858",CSIC-EEZ,Root-associated microbiota of decline-affected and asymptomatic Pinus sylvestris trees,NA,,,,Europe,Spain,ES,Granada,Baza,Cortijo del Moro,37.2890833333,-2.70555555556,37⁰ 17’ 20.7’’ N 02⁰ 42’ 20.0’’ W,1584,Pinus sylvestris tree,symptomatic,BSD04,Sierra de Baza
BSD05,NA,,Event,Site,en,https://creativecommons.org/licenses/by/4.0/legalcode.es,"Lasa, A.V.; Fernández-González, A.J.; Villadas, P.J.; Mercado-Blanco, J.; Pérez-Luque, A.J.; Fernández-López, M. (2024). Mediterranean pine forest decline: a matter of root-associated microbiota and climate change. Science of The Total Environment 926: 171858. doi: 10.1016/j.scitotenv.2024.171858",CSIC-EEZ,Root-associated microbiota of decline-affected and asymptomatic Pinus sylvestris trees,NA,,,,Europe,Spain,ES,Granada,Baza,Cortijo del Moro,37.2890833333,-2.70555555556,37⁰ 17’ 20.7’’ N 02⁰ 42’ 20.0’’ W,1584,Pinus sylvestris tree,symptomatic,BSD05,Sierra de Baza
BSD06,NA,,Event,Site,en,https://creativecommons.org/licenses/by/4.0/legalcode.es,"Lasa, A.V.; Fernández-González, A.J.; Villadas, P.J.; Mercado-Blanco, J.; Pérez-Luque, A.J.; Fernández-López, M. (2024). Mediterranean pine forest decline: a matter of root-associated microbiota and climate change. Science of The Total Environment 926: 171858. doi: 10.1016/j.scitotenv.2024.171858",CSIC-EEZ,Root-associated microbiota of decline-affected and asymptomatic Pinus sylvestris trees,NA,,,,Europe,Spain,ES,Granada,Baza,Cortijo del Moro,37.2890833333,-2.70555555556,37⁰ 17’ 20.7’’ N 02⁰ 42’ 20.0’’ W,1584,Pinus sylvestris tree,symptomatic,BSD06,Sierra de Baza
BSD07,NA,,Event,Site,en,https://creativecommons.org/licenses/by/4.0/legalcode.es,"Lasa, A.V.; Fernández-González, A.J.; Villadas, P.J.; Mercado-Blanco, J.; Pérez-Luque, A.J.; Fernández-López, M. (2024). Mediterranean pine forest decline: a matter of root-associated microbiota and climate change. Science of The Total Environment 926: 171858. doi: 10.1016/j.scitotenv.2024.171858",CSIC-EEZ,Root-associated microbiota of decline-affected and asymptomatic Pinus sylvestris trees,NA,,,,Europe,Spain,ES,Granada,Baza,Cortijo del Moro,37.2890833333,-2.70555555556,37⁰ 17’ 20.7’’ N 02⁰ 42’ 20.0’’ W,1584,Pinus sylvestris tree,symptomatic,BSD07,Sierra de Baza
BSD08,NA,,Event,Site,en,https://creativecommons.org/licenses/by/4.0/legalcode.es,"Lasa, A.V.; Fernández-González, A.J.; Villadas, P.J.; Mercado-Blanco, J.; Pérez-Luque, A.J.; Fernández-López, M. (2024). Mediterranean pine forest decline: a matter of root-associated microbiota and climate change. Science of The Total Environment 926: 171858. doi: 10.1016/j.scitotenv.2024.171858",CSIC-EEZ,Root-associated microbiota of decline-affected and asymptomatic Pinus sylvestris trees,NA,,,,Europe,Spain,ES,Granada,Baza,Cortijo del Moro,37.2890833333,-2.70555555556,37⁰ 17’ 20.7’’ N 02⁰ 42’ 20.0’’ W,1584,Pinus sylvestris tree,symptomatic,BSD08,Sierra de Baza
BSD09,NA,,Event,Site,en,https://creativecommons.org/licenses/by/4.0/legalcode.es,"Lasa, A.V.; Fernández-González, A.J.; Villadas, P.J.; Mercado-Blanco, J.; Pérez-Luque, A.J.; Fernández-López, M. (2024). Mediterranean pine forest decline: a matter of root-associated microbiota and climate change. Science of The Total Environment 926: 171858. doi: 10.1016/j.scitotenv.2024.171858",CSIC-EEZ,Root-associated microbiota of decline-affected and asymptomatic Pinus sylvestris trees,NA,,,,Europe,Spain,ES,Granada,Baza,Cortijo del Moro,37.2890833333,-2.70555555556,37⁰ 17’ 20.7’’ N 02⁰ 42’ 20.0’’ W,1584,Pinus sylvestris tree,symptomatic,BSD09,Sierra de Baza
BSD10,NA,,Event,Site,en,https://creativecommons.org/licenses/by/4.0/legalcode.es,"Lasa, A.V.; Fernández-González, A.J.; Villadas, P.J.; Mercado-Blanco, J.; Pérez-Luque, A.J.; Fernández-López, M. (2024). Mediterranean pine forest decline: a matter of root-associated microbiota and climate change. Science of The Total Environment 926: 171858. doi: 10.1016/j.scitotenv.2024.171858",CSIC-EEZ,Root-associated microbiota of decline-affected and asymptomatic Pinus sylvestris trees,NA,,,,Europe,Spain,ES,Granada,Baza,Cortijo del Moro,37.2890833333,-2.70555555556,37⁰ 17’ 20.7’’ N 02⁰ 42’ 20.0’’ W,1584,Pinus sylvestris tree,symptomatic,BSD10,Sierra de Baza
BSD11,NA,,Event,Site,en,https://creativecommons.org/licenses/by/4.0/legalcode.es,"Lasa, A.V.; Fernández-González, A.J.; Villadas, P.J.; Mercado-Blanco, J.; Pérez-Luque, A.J.; Fernández-López, M. (2024). Mediterranean pine forest decline: a matter of root-associated microbiota and climate change. Science of The Total Environment 926: 171858. doi: 10.1016/j.scitotenv.2024.171858",CSIC-EEZ,Root-associated microbiota of decline-affected and asymptomatic Pinus sylvestris trees,NA,,,,Europe,Spain,ES,Granada,Baza,Cortijo del Moro,37.2890833333,-2.70555555556,37⁰ 17’ 20.7’’ N 02⁰ 42’ 20.0’’ W,1584,Pinus sylvestris tree,symptomatic,BSD11,Sierra de Baza
BSD12,NA,,Event,Site,en,https://creativecommons.org/licenses/by/4.0/legalcode.es,"Lasa, A.V.; Fernández-González, A.J.; Villadas, P.J.; Mercado-Blanco, J.; Pérez-Luque, A.J.; Fernández-López, M. (2024). Mediterranean pine forest decline: a matter of root-associated microbiota and climate change. Science of The Total Environment 926: 171858. doi: 10.1016/j.scitotenv.2024.171858",CSIC-EEZ,Root-associated microbiota of decline-affected and asymptomatic Pinus sylvestris trees,NA,,,,Europe,Spain,ES,Granada,Baza,Cortijo del Moro,37.2890833333,-2.70555555556,37⁰ 17’ 20.7’’ N 02⁰ 42’ 20.0’’ W,1584,Pinus sylvestris tree,symptomatic,BSD12,Sierra de Baza
NSD01,NA,,Event,Site,en,https://creativecommons.org/licenses/by/4.0/legalcode.es,"Lasa, A.V.; Fernández-González, A.J.; Villadas, P.J.; Mercado-Blanco, J.; Pérez-Luque, A.J.; Fernández-López, M. (2024). Mediterranean pine forest decline: a matter of root-associated microbiota and climate change. Science of The Total Environment 926: 171858. doi: 10.1016/j.scitotenv.2024.171858",CSIC-EEZ,Root-associated microbiota of decline-affected and asymptomatic Pinus sylvestris trees,NA,,,,Europe,Spain,ES,Granada,Aldeire,Haza de los Montesinos,37.1350833333,-3.11755555556,37⁰ 08’ 06.3’’ N 03⁰ 07’ 03.2’’ W,1920,Pinus sylvestris tree,symptomatic,NSD01,Sierra Nevada
NSD02,NA,,Event,Site,en,https://creativecommons.org/licenses/by/4.0/legalcode.es,"Lasa, A.V.; Fernández-González, A.J.; Villadas, P.J.; Mercado-Blanco, J.; Pérez-Luque, A.J.; Fernández-López, M. (2024). Mediterranean pine forest decline: a matter of root-associated microbiota and climate change. Science of The Total Environment 926: 171858. doi: 10.1016/j.scitotenv.2024.171858",CSIC-EEZ,Root-associated microbiota of decline-affected and asymptomatic Pinus sylvestris trees,NA,,,,Europe,Spain,ES,Granada,Aldeire,Haza de los Montesinos,37.1350833333,-3.11755555556,37⁰ 08’ 06.3’’ N 03⁰ 07’ 03.2’’ W,1920,Pinus sylvestris tree,symptomatic,NSD02,Sierra Nevada
NSD03,NA,,Event,Site,en,https://creativecommons.org/licenses/by/4.0/legalcode.es,"Lasa, A.V.; Fernández-González, A.J.; Villadas, P.J.; Mercado-Blanco, J.; Pérez-Luque, A.J.; Fernández-López, M. (2024). Mediterranean pine forest decline: a matter of root-associated microbiota and climate change. Science of The Total Environment 926: 171858. doi: 10.1016/j.scitotenv.2024.171858",CSIC-EEZ,Root-associated microbiota of decline-affected and asymptomatic Pinus sylvestris trees,NA,,,,Europe,Spain,ES,Granada,Aldeire,Haza de los Montesinos,37.1350833333,-3.11755555556,37⁰ 08’ 06.3’’ N 03⁰ 07’ 03.2’’ W,1920,Pinus sylvestris tree,symptomatic,NSD03,Sierra Nevada
NSD04,NA,,Event,Site,en,https://creativecommons.org/licenses/by/4.0/legalcode.es,"Lasa, A.V.; Fernández-González, A.J.; Villadas, P.J.; Mercado-Blanco, J.; Pérez-Luque, A.J.; Fernández-López, M. (2024). Mediterranean pine forest decline: a matter of root-associated microbiota and climate change. Science of The Total Environment 926: 171858. doi: 10.1016/j.scitotenv.2024.171858",CSIC-EEZ,Root-associated microbiota of decline-affected and asymptomatic Pinus sylvestris trees,NA,,,,Europe,Spain,ES,Granada,Aldeire,Haza de los Montesinos,37.1350833333,-3.11755555556,37⁰ 08’ 06.3’’ N 03⁰ 07’ 03.2’’ W,1920,Pinus sylvestris tree,symptomatic,NSD04,Sierra Nevada
NSD05,NA,,Event,Site,en,https://creativecommons.org/licenses/by/4.0/legalcode.es,"Lasa, A.V.; Fernández-González, A.J.; Villadas, P.J.; Mercado-Blanco, J.; Pérez-Luque, A.J.; Fernández-López, M. (2024). Mediterranean pine forest decline: a matter of root-associated microbiota and climate change. Science of The Total Environment 926: 171858. doi: 10.1016/j.scitotenv.2024.171858",CSIC-EEZ,Root-associated microbiota of decline-affected and asymptomatic Pinus sylvestris trees,NA,,,,Europe,Spain,ES,Granada,Aldeire,Haza de los Montesinos,37.1350833333,-3.11755555556,37⁰ 08’ 06.3’’ N 03⁰ 07’ 03.2’’ W,1920,Pinus sylvestris tree,symptomatic,NSD05,Sierra Nevada
NSD06,NA,,Event,Site,en,https://creativecommons.org/licenses/by/4.0/legalcode.es,"Lasa, A.V.; Fernández-González, A.J.; Villadas, P.J.; Mercado-Blanco, J.; Pérez-Luque, A.J.; Fernández-López, M. (2024). Mediterranean pine forest decline: a matter of root-associated microbiota and climate change. Science of The Total Environment 926: 171858. doi: 10.1016/j.scitotenv.2024.171858",CSIC-EEZ,Root-associated microbiota of decline-affected and asymptomatic Pinus sylvestris trees,NA,,,,Europe,Spain,ES,Granada,Aldeire,Haza de los Montesinos,37.1350833333,-3.11755555556,37⁰ 08’ 06.3’’ N 03⁰ 07’ 03.2’’ W,1920,Pinus sylvestris tree,symptomatic,NSD06,Sierra Nevada
NSD07,NA,,Event,Site,en,https://creativecommons.org/licenses/by/4.0/legalcode.es,"Lasa, A.V.; Fernández-González, A.J.; Villadas, P.J.; Mercado-Blanco, J.; Pérez-Luque, A.J.; Fernández-López, M. (2024). Mediterranean pine forest decline: a matter of root-associated microbiota and climate change. Science of The Total Environment 926: 171858. doi: 10.1016/j.scitotenv.2024.171858",CSIC-EEZ,Root-associated microbiota of decline-affected and asymptomatic Pinus sylvestris trees,NA,,,,Europe,Spain,ES,Granada,Aldeire,Haza de los Montesinos,37.1350833333,-3.11755555556,37⁰ 08’ 06.3’’ N 03⁰ 07’ 03.2’’ W,1920,Pinus sylvestris tree,symptomatic,NSD07,Sierra Nevada
NSD08,NA,,Event,Site,en,https://creativecommons.org/licenses/by/4.0/legalcode.es,"Lasa, A.V.; Fernández-González, A.J.; Villadas, P.J.; Mercado-Blanco, J.; Pérez-Luque, A.J.; Fernández-López, M. (2024). Mediterranean pine forest decline: a matter of root-associated microbiota and climate change. Science of The Total Environment 926: 171858. doi: 10.1016/j.scitotenv.2024.171858",CSIC-EEZ,Root-associated microbiota of decline-affected and asymptomatic Pinus sylvestris trees,NA,,,,Europe,Spain,ES,Granada,Aldeire,Haza de los Montesinos,37.1350833333,-3.11755555556,37⁰ 08’ 06.3’’ N 03⁰ 07’ 03.2’’ W,1920,Pinus sylvestris tree,symptomatic,NSD08,Sierra Nevada
NSD09,NA,,Event,Site,en,https://creativecommons.org/licenses/by/4.0/legalcode.es,"Lasa, A.V.; Fernández-González, A.J.; Villadas, P.J.; Mercado-Blanco, J.; Pérez-Luque, A.J.; Fernández-López, M. (2024). Mediterranean pine forest decline: a matter of root-associated microbiota and climate change. Science of The Total Environment 926: 171858. doi: 10.1016/j.scitotenv.2024.171858",CSIC-EEZ,Root-associated microbiota of decline-affected and asymptomatic Pinus sylvestris trees,NA,,,,Europe,Spain,ES,Granada,Aldeire,Haza de los Montesinos,37.1350833333,-3.11755555556,37⁰ 08’ 06.3’’ N 03⁰ 07’ 03.2’’ W,1920,Pinus sylvestris tree,symptomatic,NSD09,Sierra Nevada
NSD10,NA,,Event,Site,en,https://creativecommons.org/licenses/by/4.0/legalcode.es,"Lasa, A.V.; Fernández-González, A.J.; Villadas, P.J.; Mercado-Blanco, J.; Pérez-Luque, A.J.; Fernández-López, M. (2024). Mediterranean pine forest decline: a matter of root-associated microbiota and climate change. Science of The Total Environment 926: 171858. doi: 10.1016/j.scitotenv.2024.171858",CSIC-EEZ,Root-associated microbiota of decline-affected and asymptomatic Pinus sylvestris trees,NA,,,,Europe,Spain,ES,Granada,Aldeire,Haza de los Montesinos,37.1350833333,-3.11755555556,37⁰ 08’ 06.3’’ N 03⁰ 07’ 03.2’’ W,1920,Pinus sylvestris tree,symptomatic,NSD10,Sierra Nevada
NSD11,NA,,Event,Site,en,https://creativecommons.org/licenses/by/4.0/legalcode.es,"Lasa, A.V.; Fernández-González, A.J.; Villadas, P.J.; Mercado-Blanco, J.; Pérez-Luque, A.J.; Fernández-López, M. (2024). Mediterranean pine forest decline: a matter of root-associated microbiota and climate change. Science of The Total Environment 926: 171858. doi: 10.1016/j.scitotenv.2024.171858",CSIC-EEZ,Root-associated microbiota of decline-affected and asymptomatic Pinus sylvestris trees,NA,,,,Europe,Spain,ES,Granada,Aldeire,Haza de los Montesinos,37.1350833333,-3.11755555556,37⁰ 08’ 06.3’’ N 03⁰ 07’ 03.2’’ W,1920,Pinus sylvestris tree,symptomatic,NSD11,Sierra Nevada
NSD12,NA,,Event,Site,en,https://creativecommons.org/licenses/by/4.0/legalcode.es,"Lasa, A.V.; Fernández-González, A.J.; Villadas, P.J.; Mercado-Blanco, J.; Pérez-Luque, A.J.; Fernández-López, M. (2024). Mediterranean pine forest decline: a matter of root-associated microbiota and climate change. Science of The Total Environment 926: 171858. doi: 10.1016/j.scitotenv.2024.171858",CSIC-EEZ,Root-associated microbiota of decline-affected and asymptomatic Pinus sylvestris trees,NA,,,,Europe,Spain,ES,Granada,Aldeire,Haza de los Montesinos,37.1350833333,-3.11755555556,37⁰ 08’ 06.3’’ N 03⁰ 07’ 03.2’’ W,1920,Pinus sylvestris tree,symptomatic,NSD12,Sierra Nevada
NSH01,NA,,Event,Site,en,https://creativecommons.org/licenses/by/4.0/legalcode.es,"Lasa, A.V.; Fernández-González, A.J.; Villadas, P.J.; Mercado-Blanco, J.; Pérez-Luque, A.J.; Fernández-López, M. (2024). Mediterranean pine forest decline: a matter of root-associated microbiota and climate change. Science of The Total Environment 926: 171858. doi: 10.1016/j.scitotenv.2024.171858",CSIC-EEZ,Root-associated microbiota of decline-affected and asymptomatic Pinus sylvestris trees,NA,,,,Europe,Spain,ES,Granada,Aldeire,Tajo del Águila,37.1353055556,-3.05008333333,37⁰ 08’ 07.1’’ N 03⁰ 03’ 00.3’’ W,1880,Pinus sylvestris tree,asymptomatic,NSH01,Sierra Nevada
NSH02,NA,,Event,Site,en,https://creativecommons.org/licenses/by/4.0/legalcode.es,"Lasa, A.V.; Fernández-González, A.J.; Villadas, P.J.; Mercado-Blanco, J.; Pérez-Luque, A.J.; Fernández-López, M. (2024). Mediterranean pine forest decline: a matter of root-associated microbiota and climate change. Science of The Total Environment 926: 171858. doi: 10.1016/j.scitotenv.2024.171858",CSIC-EEZ,Root-associated microbiota of decline-affected and asymptomatic Pinus sylvestris trees,NA,,,,Europe,Spain,ES,Granada,Aldeire,Tajo del Águila,37.1353055556,-3.05008333333,37⁰ 08’ 07.1’’ N 03⁰ 03’ 00.3’’ W,1880,Pinus sylvestris tree,asymptomatic,NSH02,Sierra Nevada
NSH03,NA,,Event,Site,en,https://creativecommons.org/licenses/by/4.0/legalcode.es,"Lasa, A.V.; Fernández-González, A.J.; Villadas, P.J.; Mercado-Blanco, J.; Pérez-Luque, A.J.; Fernández-López, M. (2024). Mediterranean pine forest decline: a matter of root-associated microbiota and climate change. Science of The Total Environment 926: 171858. doi: 10.1016/j.scitotenv.2024.171858",CSIC-EEZ,Root-associated microbiota of decline-affected and asymptomatic Pinus sylvestris trees,NA,,,,Europe,Spain,ES,Granada,Aldeire,Tajo del Águila,37.1353055556,-3.05008333333,37⁰ 08’ 07.1’’ N 03⁰ 03’ 00.3’’ W,1880,Pinus sylvestris tree,asymptomatic,NSH03,Sierra Nevada
NSH04,NA,,Event,Site,en,https://creativecommons.org/licenses/by/4.0/legalcode.es,"Lasa, A.V.; Fernández-González, A.J.; Villadas, P.J.; Mercado-Blanco, J.; Pérez-Luque, A.J.; Fernández-López, M. (2024). Mediterranean pine forest decline: a matter of root-associated microbiota and climate change. Science of The Total Environment 926: 171858. doi: 10.1016/j.scitotenv.2024.171858",CSIC-EEZ,Root-associated microbiota of decline-affected and asymptomatic Pinus sylvestris trees,NA,,,,Europe,Spain,ES,Granada,Aldeire,Tajo del Águila,37.1353055556,-3.05008333333,37⁰ 08’ 07.1’’ N 03⁰ 03’ 00.3’’ W,1880,Pinus sylvestris tree,asymptomatic,NSH04,Sierra Nevada
NSH05,NA,,Event,Site,en,https://creativecommons.org/licenses/by/4.0/legalcode.es,"Lasa, A.V.; Fernández-González, A.J.; Villadas, P.J.; Mercado-Blanco, J.; Pérez-Luque, A.J.; Fernández-López, M. (2024). Mediterranean pine forest decline: a matter of root-associated microbiota and climate change. Science of The Total Environment 926: 171858. doi: 10.1016/j.scitotenv.2024.171858",CSIC-EEZ,Root-associated microbiota of decline-affected and asymptomatic Pinus sylvestris trees,NA,,,,Europe,Spain,ES,Granada,Aldeire,Tajo del Águila,37.1353055556,-3.05008333333,37⁰ 08’ 07.1’’ N 03⁰ 03’ 00.3’’ W,1880,Pinus sylvestris tree,asymptomatic,NSH05,Sierra Nevada
NSH06,NA,,Event,Site,en,https://creativecommons.org/licenses/by/4.0/legalcode.es,"Lasa, A.V.; Fernández-González, A.J.; Villadas, P.J.; Mercado-Blanco, J.; Pérez-Luque, A.J.; Fernández-López, M. (2024). Mediterranean pine forest decline: a matter of root-associated microbiota and climate change. Science of The Total Environment 926: 171858. doi: 10.1016/j.scitotenv.2024.171858",CSIC-EEZ,Root-associated microbiota of decline-affected and asymptomatic Pinus sylvestris trees,NA,,,,Europe,Spain,ES,Granada,Aldeire,Tajo del Águila,37.1353055556,-3.05008333333,37⁰ 08’ 07.1’’ N 03⁰ 03’ 00.3’’ W,1880,Pinus sylvestris tree,asymptomatic,NSH06,Sierra Nevada
NSH07,NA,,Event,Site,en,https://creativecommons.org/licenses/by/4.0/legalcode.es,"Lasa, A.V.; Fernández-González, A.J.; Villadas, P.J.; Mercado-Blanco, J.; Pérez-Luque, A.J.; Fernández-López, M. (2024). Mediterranean pine forest decline: a matter of root-associated microbiota and climate change. Science of The Total Environment 926: 171858. doi: 10.1016/j.scitotenv.2024.171858",CSIC-EEZ,Root-associated microbiota of decline-affected and asymptomatic Pinus sylvestris trees,NA,,,,Europe,Spain,ES,Granada,Aldeire,Tajo del Águila,37.1353055556,-3.05008333333,37⁰ 08’ 07.1’’ N 03⁰ 03’ 00.3’’ W,1880,Pinus sylvestris tree,asymptomatic,NSH07,Sierra Nevada
NSH08,NA,,Event,Site,en,https://creativecommons.org/licenses/by/4.0/legalcode.es,"Lasa, A.V.; Fernández-González, A.J.; Villadas, P.J.; Mercado-Blanco, J.; Pérez-Luque, A.J.; Fernández-López, M. (2024). Mediterranean pine forest decline: a matter of root-associated microbiota and climate change. Science of The Total Environment 926: 171858. doi: 10.1016/j.scitotenv.2024.171858",CSIC-EEZ,Root-associated microbiota of decline-affected and asymptomatic Pinus sylvestris trees,NA,,,,Europe,Spain,ES,Granada,Aldeire,Tajo del Águila,37.1353055556,-3.05008333333,37⁰ 08’ 07.1’’ N 03⁰ 03’ 00.3’’ W,1880,Pinus sylvestris tree,asymptomatic,NSH08,Sierra Nevada
NSH09,NA,,Event,Site,en,https://creativecommons.org/licenses/by/4.0/legalcode.es,"Lasa, A.V.; Fernández-González, A.J.; Villadas, P.J.; Mercado-Blanco, J.; Pérez-Luque, A.J.; Fernández-López, M. (2024). Mediterranean pine forest decline: a matter of root-associated microbiota and climate change. Science of The Total Environment 926: 171858. doi: 10.1016/j.scitotenv.2024.171858",CSIC-EEZ,Root-associated microbiota of decline-affected and asymptomatic Pinus sylvestris trees,NA,,,,Europe,Spain,ES,Granada,Aldeire,Tajo del Águila,37.1353055556,-3.05008333333,37⁰ 08’ 07.1’’ N 03⁰ 03’ 00.3’’ W,1880,Pinus sylvestris tree,asymptomatic,NSH09,Sierra Nevada
NSH10,NA,,Event,Site,en,https://creativecommons.org/licenses/by/4.0/legalcode.es,"Lasa, A.V.; Fernández-González, A.J.; Villadas, P.J.; Mercado-Blanco, J.; Pérez-Luque, A.J.; Fernández-López, M. (2024). Mediterranean pine forest decline: a matter of root-associated microbiota and climate change. Science of The Total Environment 926: 171858. doi: 10.1016/j.scitotenv.2024.171858",CSIC-EEZ,Root-associated microbiota of decline-affected and asymptomatic Pinus sylvestris trees,NA,,,,Europe,Spain,ES,Granada,Aldeire,Tajo del Águila,37.1353055556,-3.05008333333,37⁰ 08’ 07.1’’ N 03⁰ 03’ 00.3’’ W,1880,Pinus sylvestris tree,asymptomatic,NSH10,Sierra Nevada
NSH11,NA,,Event,Site,en,https://creativecommons.org/licenses/by/4.0/legalcode.es,"Lasa, A.V.; Fernández-González, A.J.; Villadas, P.J.; Mercado-Blanco, J.; Pérez-Luque, A.J.; Fernández-López, M. (2024). Mediterranean pine forest decline: a matter of root-associated microbiota and climate change. Science of The Total Environment 926: 171858. doi: 10.1016/j.scitotenv.2024.171858",CSIC-EEZ,Root-associated microbiota of decline-affected and asymptomatic Pinus sylvestris trees,NA,,,,Europe,Spain,ES,Granada,Aldeire,Tajo del Águila,37.1353055556,-3.05008333333,37⁰ 08’ 07.1’’ N 03⁰ 03’ 00.3’’ W,1880,Pinus sylvestris tree,asymptomatic,NSH11,Sierra Nevada
NSH12,NA,,Event,Site,en,https://creativecommons.org/licenses/by/4.0/legalcode.es,"Lasa, A.V.; Fernández-González, A.J.; Villadas, P.J.; Mercado-Blanco, J.; Pérez-Luque, A.J.; Fernández-López, M. (2024). Mediterranean pine forest decline: a matter of root-associated microbiota and climate change. Science of The Total Environment 926: 171858. doi: 10.1016/j.scitotenv.2024.171858",CSIC-EEZ,Root-associated microbiota of decline-affected and asymptomatic Pinus sylvestris trees,NA,,,,Europe,Spain,ES,Granada,Aldeire,Tajo del Águila,37.1353055556,-3.05008333333,37⁰ 08’ 07.1’’ N 03⁰ 03’ 00.3’’ W,1880,Pinus sylvestris tree,asymptomatic,NSH12,Sierra Nevada
ASH01E-20220420,ASH01-20220420,19102,Event,Sampling,en,https://creativecommons.org/licenses/by/4.0/legalcode.es,"Lasa, A.V.; Fernández-González, A.J.; Villadas, P.J.; Mercado-Blanco, J.; Pérez-Luque, A.J.; Fernández-López, M. (2024). Mediterranean pine forest decline: a matter of root-associated microbiota and climate change. Science of The Total Environment 926: 171858. doi: 10.1016/j.scitotenv.2024.171858",CSIC-EEZ,Root-associated microbiota of decline-affected and asymptomatic Pinus sylvestris trees,DNA extraction from the root endosphere of Pinus sylvestris trees and sequencing of the 16S rRNA gene for bacteria and the fungal ITS2 region for fungi,2022,4,20,Europe,Spain,ES,Granada,Alhama de Granada,Cuerda Granada al puerto de Cómpeta,36.8813888889,-3.92538888889,36⁰ 52’ 53’’ N 03⁰ 55’ 31.4’’ W,1510,Root endosphere of Pinus sylvestris,asymptomatic,prASH01,Sierra de Almijara
ASH01R-20220420,ASH01-20220420,19102,Event,Sampling,en,https://creativecommons.org/licenses/by/4.0/legalcode.es,"Lasa, A.V.; Fernández-González, A.J.; Villadas, P.J.; Mercado-Blanco, J.; Pérez-Luque, A.J.; Fernández-López, M. (2024). Mediterranean pine forest decline: a matter of root-associated microbiota and climate change. Science of The Total Environment 926: 171858. doi: 10.1016/j.scitotenv.2024.171858",CSIC-EEZ,Root-associated microbiota of decline-affected and asymptomatic Pinus sylvestris trees,DNA extraction from the rhizosphere of Pinus sylvestris trees and sequencing of the 16S rRNA gene for bacteria and the fungal ITS2 region for fungi,2022,4,20,Europe,Spain,ES,Granada,Alhama de Granada,Cuerda Granada al puerto de Cómpeta,36.8813888889,-3.92538888889,36⁰ 52’ 53’’ N 03⁰ 55’ 31.4’’ W,1510,Rhizosphere of Pinus sylvestris,asymptomatic,prASH01,Sierra de Almijara
ASH02E-20220420,ASH02-20220420,19102,Event,Sampling,en,https://creativecommons.org/licenses/by/4.0/legalcode.es,"Lasa, A.V.; Fernández-González, A.J.; Villadas, P.J.; Mercado-Blanco, J.; Pérez-Luque, A.J.; Fernández-López, M. (2024). Mediterranean pine forest decline: a matter of root-associated microbiota and climate change. Science of The Total Environment 926: 171858. doi: 10.1016/j.scitotenv.2024.171858",CSIC-EEZ,Root-associated microbiota of decline-affected and asymptomatic Pinus sylvestris trees,DNA extraction from the root endosphere of Pinus sylvestris trees and sequencing of the 16S rRNA gene for bacteria and the fungal ITS2 region for fungi,2022,4,20,Europe,Spain,ES,Granada,Alhama de Granada,Cuerda Granada al puerto de Cómpeta,36.8813888889,-3.92538888889,36⁰ 52’ 53’’ N 03⁰ 55’ 31.4’’ W,1510,Root endosphere of Pinus sylvestris,asymptomatic,prASH02,Sierra de Almijara
ASH02R-20220420,ASH02-20220420,19102,Event,Sampling,en,https://creativecommons.org/licenses/by/4.0/legalcode.es,"Lasa, A.V.; Fernández-González, A.J.; Villadas, P.J.; Mercado-Blanco, J.; Pérez-Luque, A.J.; Fernández-López, M. (2024). Mediterranean pine forest decline: a matter of root-associated microbiota and climate change. Science of The Total Environment 926: 171858. doi: 10.1016/j.scitotenv.2024.171858",CSIC-EEZ,Root-associated microbiota of decline-affected and asymptomatic Pinus sylvestris trees,DNA extraction from the rhizosphere of Pinus sylvestris trees and sequencing of the 16S rRNA gene for bacteria and the fungal ITS2 region for fungi,2022,4,20,Europe,Spain,ES,Granada,Alhama de Granada,Cuerda Granada al puerto de Cómpeta,36.8813888889,-3.92538888889,36⁰ 52’ 53’’ N 03⁰ 55’ 31.4’’ W,1510,Rhizosphere of Pinus sylvestris,asymptomatic,prASH02,Sierra de Almijara
ASH03E-20220420,ASH03-20220420,19102,Event,Sampling,en,https://creativecommons.org/licenses/by/4.0/legalcode.es,"Lasa, A.V.; Fernández-González, A.J.; Villadas, P.J.; Mercado-Blanco, J.; Pérez-Luque, A.J.; Fernández-López, M. (2024). Mediterranean pine forest decline: a matter of root-associated microbiota and climate change. Science of The Total Environment 926: 171858. doi: 10.1016/j.scitotenv.2024.171858",CSIC-EEZ,Root-associated microbiota of decline-affected and asymptomatic Pinus sylvestris trees,DNA extraction from the root endosphere of Pinus sylvestris trees and sequencing of the 16S rRNA gene for bacteria and the fungal ITS2 region for fungi,2022,4,20,Europe,Spain,ES,Granada,Alhama de Granada,Cuerda Granada al puerto de Cómpeta,36.8813888889,-3.92538888889,36⁰ 52’ 53’’ N 03⁰ 55’ 31.4’’ W,1510,Root endosphere of Pinus sylvestris,asymptomatic,prASH03,Sierra de Almijara
ASH03R-20220420,ASH03-20220420,19102,Event,Sampling,en,https://creativecommons.org/licenses/by/4.0/legalcode.es,"Lasa, A.V.; Fernández-González, A.J.; Villadas, P.J.; Mercado-Blanco, J.; Pérez-Luque, A.J.; Fernández-López, M. (2024). Mediterranean pine forest decline: a matter of root-associated microbiota and climate change. Science of The Total Environment 926: 171858. doi: 10.1016/j.scitotenv.2024.171858",CSIC-EEZ,Root-associated microbiota of decline-affected and asymptomatic Pinus sylvestris trees,DNA extraction from the rhizosphere of Pinus sylvestris trees and sequencing of the 16S rRNA gene for bacteria and the fungal ITS2 region for fungi,2022,4,20,Europe,Spain,ES,Granada,Alhama de Granada,Cuerda Granada al puerto de Cómpeta,36.8813888889,-3.92538888889,36⁰ 52’ 53’’ N 03⁰ 55’ 31.4’’ W,1510,Rhizosphere of Pinus sylvestris,asymptomatic,prASH03,Sierra de Almijara
ASH04E-20220420,ASH04-20220420,19102,Event,Sampling,en,https://creativecommons.org/licenses/by/4.0/legalcode.es,"Lasa, A.V.; Fernández-González, A.J.; Villadas, P.J.; Mercado-Blanco, J.; Pérez-Luque, A.J.; Fernández-López, M. (2024). Mediterranean pine forest decline: a matter of root-associated microbiota and climate change. Science of The Total Environment 926: 171858. doi: 10.1016/j.scitotenv.2024.171858",CSIC-EEZ,Root-associated microbiota of decline-affected and asymptomatic Pinus sylvestris trees,DNA extraction from the root endosphere of Pinus sylvestris trees and sequencing of the 16S rRNA gene for bacteria and the fungal ITS2 region for fungi,2022,4,20,Europe,Spain,ES,Granada,Alhama de Granada,Cuerda Granada al puerto de Cómpeta,36.8813888889,-3.92538888889,36⁰ 52’ 53’’ N 03⁰ 55’ 31.4’’ W,1510,Root endosphere of Pinus sylvestris,asymptomatic,prASH04,Sierra de Almijara
ASH04R-20220420,ASH04-20220420,19102,Event,Sampling,en,https://creativecommons.org/licenses/by/4.0/legalcode.es,"Lasa, A.V.; Fernández-González, A.J.; Villadas, P.J.; Mercado-Blanco, J.; Pérez-Luque, A.J.; Fernández-López, M. (2024). Mediterranean pine forest decline: a matter of root-associated microbiota and climate change. Science of The Total Environment 926: 171858. doi: 10.1016/j.scitotenv.2024.171858",CSIC-EEZ,Root-associated microbiota of decline-affected and asymptomatic Pinus sylvestris trees,DNA extraction from the rhizosphere of Pinus sylvestris trees and sequencing of the 16S rRNA gene for bacteria and the fungal ITS2 region for fungi,2022,4,20,Europe,Spain,ES,Granada,Alhama de Granada,Cuerda Granada al puerto de Cómpeta,36.8813888889,-3.92538888889,36⁰ 52’ 53’’ N 03⁰ 55’ 31.4’’ W,1510,Rhizosphere of Pinus sylvestris,asymptomatic,prASH04,Sierra de Almijara
ASH05E-20220420,ASH05-20220420,19102,Event,Sampling,en,https://creativecommons.org/licenses/by/4.0/legalcode.es,"Lasa, A.V.; Fernández-González, A.J.; Villadas, P.J.; Mercado-Blanco, J.; Pérez-Luque, A.J.; Fernández-López, M. (2024). Mediterranean pine forest decline: a matter of root-associated microbiota and climate change. Science of The Total Environment 926: 171858. doi: 10.1016/j.scitotenv.2024.171858",CSIC-EEZ,Root-associated microbiota of decline-affected and asymptomatic Pinus sylvestris trees,DNA extraction from the root endosphere of Pinus sylvestris trees and sequencing of the 16S rRNA gene for bacteria and the fungal ITS2 region for fungi,2022,4,20,Europe,Spain,ES,Granada,Alhama de Granada,Cuerda Granada al puerto de Cómpeta,36.8813888889,-3.92538888889,36⁰ 52’ 53’’ N 03⁰ 55’ 31.4’’ W,1510,Root endosphere of Pinus sylvestris,asymptomatic,prASH05,Sierra de Almijara
ASH05R-20220420,ASH05-20220420,19102,Event,Sampling,en,https://creativecommons.org/licenses/by/4.0/legalcode.es,"Lasa, A.V.; Fernández-González, A.J.; Villadas, P.J.; Mercado-Blanco, J.; Pérez-Luque, A.J.; Fernández-López, M. (2024). Mediterranean pine forest decline: a matter of root-associated microbiota and climate change. Science of The Total Environment 926: 171858. doi: 10.1016/j.scitotenv.2024.171858",CSIC-EEZ,Root-associated microbiota of decline-affected and asymptomatic Pinus sylvestris trees,DNA extraction from the rhizosphere of Pinus sylvestris trees and sequencing of the 16S rRNA gene for bacteria and the fungal ITS2 region for fungi,2022,4,20,Europe,Spain,ES,Granada,Alhama de Granada,Cuerda Granada al puerto de Cómpeta,36.8813888889,-3.92538888889,36⁰ 52’ 53’’ N 03⁰ 55’ 31.4’’ W,1510,Rhizosphere of Pinus sylvestris,asymptomatic,prASH05,Sierra de Almijara
ASH06E-20220420,ASH06-20220420,19102,Event,Sampling,en,https://creativecommons.org/licenses/by/4.0/legalcode.es,"Lasa, A.V.; Fernández-González, A.J.; Villadas, P.J.; Mercado-Blanco, J.; Pérez-Luque, A.J.; Fernández-López, M. (2024). Mediterranean pine forest decline: a matter of root-associated microbiota and climate change. Science of The Total Environment 926: 171858. doi: 10.1016/j.scitotenv.2024.171858",CSIC-EEZ,Root-associated microbiota of decline-affected and asymptomatic Pinus sylvestris trees,DNA extraction from the root endosphere of Pinus sylvestris trees and sequencing of the 16S rRNA gene for bacteria and the fungal ITS2 region for fungi,2022,4,20,Europe,Spain,ES,Granada,Alhama de Granada,Cuerda Granada al puerto de Cómpeta,36.8813888889,-3.92538888889,36⁰ 52’ 53’’ N 03⁰ 55’ 31.4’’ W,1510,Root endosphere of Pinus sylvestris,asymptomatic,prASH06,Sierra de Almijara
ASH06R-20220420,ASH06-20220420,19102,Event,Sampling,en,https://creativecommons.org/licenses/by/4.0/legalcode.es,"Lasa, A.V.; Fernández-González, A.J.; Villadas, P.J.; Mercado-Blanco, J.; Pérez-Luque, A.J.; Fernández-López, M. (2024). Mediterranean pine forest decline: a matter of root-associated microbiota and climate change. Science of The Total Environment 926: 171858. doi: 10.1016/j.scitotenv.2024.171858",CSIC-EEZ,Root-associated microbiota of decline-affected and asymptomatic Pinus sylvestris trees,DNA extraction from the rhizosphere of Pinus sylvestris trees and sequencing of the 16S rRNA gene for bacteria and the fungal ITS2 region for fungi,2022,4,20,Europe,Spain,ES,Granada,Alhama de Granada,Cuerda Granada al puerto de Cómpeta,36.8813888889,-3.92538888889,36⁰ 52’ 53’’ N 03⁰ 55’ 31.4’’ W,1510,Rhizosphere of Pinus sylvestris,asymptomatic,prASH06,Sierra de Almijara
ASH07E-20220420,ASH07-20220420,19102,Event,Sampling,en,https://creativecommons.org/licenses/by/4.0/legalcode.es,"Lasa, A.V.; Fernández-González, A.J.; Villadas, P.J.; Mercado-Blanco, J.; Pérez-Luque, A.J.; Fernández-López, M. (2024). Mediterranean pine forest decline: a matter of root-associated microbiota and climate change. Science of The Total Environment 926: 171858. doi: 10.1016/j.scitotenv.2024.171858",CSIC-EEZ,Root-associated microbiota of decline-affected and asymptomatic Pinus sylvestris trees,DNA extraction from the root endosphere of Pinus sylvestris trees and sequencing of the 16S rRNA gene for bacteria and the fungal ITS2 region for fungi,2022,4,20,Europe,Spain,ES,Granada,Alhama de Granada,Cuerda Granada al puerto de Cómpeta,36.8813888889,-3.92538888889,36⁰ 52’ 53’’ N 03⁰ 55’ 31.4’’ W,1510,Root endosphere of Pinus sylvestris,asymptomatic,prASH07,Sierra de Almijara
ASH07R-20220420,ASH07-20220420,19102,Event,Sampling,en,https://creativecommons.org/licenses/by/4.0/legalcode.es,"Lasa, A.V.; Fernández-González, A.J.; Villadas, P.J.; Mercado-Blanco, J.; Pérez-Luque, A.J.; Fernández-López, M. (2024). Mediterranean pine forest decline: a matter of root-associated microbiota and climate change. Science of The Total Environment 926: 171858. doi: 10.1016/j.scitotenv.2024.171858",CSIC-EEZ,Root-associated microbiota of decline-affected and asymptomatic Pinus sylvestris trees,DNA extraction from the rhizosphere of Pinus sylvestris trees and sequencing of the 16S rRNA gene for bacteria and the fungal ITS2 region for fungi,2022,4,20,Europe,Spain,ES,Granada,Alhama de Granada,Cuerda Granada al puerto de Cómpeta,36.8813888889,-3.92538888889,36⁰ 52’ 53’’ N 03⁰ 55’ 31.4’’ W,1510,Rhizosphere of Pinus sylvestris,asymptomatic,prASH07,Sierra de Almijara
ASH08E-20220420,ASH08-20220420,19102,Event,Sampling,en,https://creativecommons.org/licenses/by/4.0/legalcode.es,"Lasa, A.V.; Fernández-González, A.J.; Villadas, P.J.; Mercado-Blanco, J.; Pérez-Luque, A.J.; Fernández-López, M. (2024). Mediterranean pine forest decline: a matter of root-associated microbiota and climate change. Science of The Total Environment 926: 171858. doi: 10.1016/j.scitotenv.2024.171858",CSIC-EEZ,Root-associated microbiota of decline-affected and asymptomatic Pinus sylvestris trees,DNA extraction from the root endosphere of Pinus sylvestris trees and sequencing of the 16S rRNA gene for bacteria and the fungal ITS2 region for fungi,2022,4,20,Europe,Spain,ES,Granada,Alhama de Granada,Cuerda Granada al puerto de Cómpeta,36.8813888889,-3.92538888889,36⁰ 52’ 53’’ N 03⁰ 55’ 31.4’’ W,1510,Root endosphere of Pinus sylvestris,asymptomatic,prASH08,Sierra de Almijara
ASH08R-20220420,ASH08-20220420,19102,Event,Sampling,en,https://creativecommons.org/licenses/by/4.0/legalcode.es,"Lasa, A.V.; Fernández-González, A.J.; Villadas, P.J.; Mercado-Blanco, J.; Pérez-Luque, A.J.; Fernández-López, M. (2024). Mediterranean pine forest decline: a matter of root-associated microbiota and climate change. Science of The Total Environment 926: 171858. doi: 10.1016/j.scitotenv.2024.171858",CSIC-EEZ,Root-associated microbiota of decline-affected and asymptomatic Pinus sylvestris trees,DNA extraction from the rhizosphere of Pinus sylvestris trees and sequencing of the 16S rRNA gene for bacteria and the fungal ITS2 region for fungi,2022,4,20,Europe,Spain,ES,Granada,Alhama de Granada,Cuerda Granada al puerto de Cómpeta,36.8813888889,-3.92538888889,36⁰ 52’ 53’’ N 03⁰ 55’ 31.4’’ W,1510,Rhizosphere of Pinus sylvestris,asymptomatic,prASH08,Sierra de Almijara
ASH09E-20220420,ASH09-20220420,19102,Event,Sampling,en,https://creativecommons.org/licenses/by/4.0/legalcode.es,"Lasa, A.V.; Fernández-González, A.J.; Villadas, P.J.; Mercado-Blanco, J.; Pérez-Luque, A.J.; Fernández-López, M. (2024). Mediterranean pine forest decline: a matter of root-associated microbiota and climate change. Science of The Total Environment 926: 171858. doi: 10.1016/j.scitotenv.2024.171858",CSIC-EEZ,Root-associated microbiota of decline-affected and asymptomatic Pinus sylvestris trees,DNA extraction from the root endosphere of Pinus sylvestris trees and sequencing of the 16S rRNA gene for bacteria and the fungal ITS2 region for fungi,2022,4,20,Europe,Spain,ES,Granada,Alhama de Granada,Cuerda Granada al puerto de Cómpeta,36.8813888889,-3.92538888889,36⁰ 52’ 53’’ N 03⁰ 55’ 31.4’’ W,1510,Root endosphere of Pinus sylvestris,asymptomatic,prASH09,Sierra de Almijara
ASH09R-20220420,ASH09-20220420,19102,Event,Sampling,en,https://creativecommons.org/licenses/by/4.0/legalcode.es,"Lasa, A.V.; Fernández-González, A.J.; Villadas, P.J.; Mercado-Blanco, J.; Pérez-Luque, A.J.; Fernández-López, M. (2024). Mediterranean pine forest decline: a matter of root-associated microbiota and climate change. Science of The Total Environment 926: 171858. doi: 10.1016/j.scitotenv.2024.171858",CSIC-EEZ,Root-associated microbiota of decline-affected and asymptomatic Pinus sylvestris trees,DNA extraction from the rhizosphere of Pinus sylvestris trees and sequencing of the 16S rRNA gene for bacteria and the fungal ITS2 region for fungi,2022,4,20,Europe,Spain,ES,Granada,Alhama de Granada,Cuerda Granada al puerto de Cómpeta,36.8813888889,-3.92538888889,36⁰ 52’ 53’’ N 03⁰ 55’ 31.4’’ W,1510,Rhizosphere of Pinus sylvestris,asymptomatic,prASH09,Sierra de Almijara
ASH10E-20220420,ASH10-20220420,19102,Event,Sampling,en,https://creativecommons.org/licenses/by/4.0/legalcode.es,"Lasa, A.V.; Fernández-González, A.J.; Villadas, P.J.; Mercado-Blanco, J.; Pérez-Luque, A.J.; Fernández-López, M. (2024). Mediterranean pine forest decline: a matter of root-associated microbiota and climate change. Science of The Total Environment 926: 171858. doi: 10.1016/j.scitotenv.2024.171858",CSIC-EEZ,Root-associated microbiota of decline-affected and asymptomatic Pinus sylvestris trees,DNA extraction from the root endosphere of Pinus sylvestris trees and sequencing of the 16S rRNA gene for bacteria and the fungal ITS2 region for fungi,2022,4,20,Europe,Spain,ES,Granada,Alhama de Granada,Cuerda Granada al puerto de Cómpeta,36.8813888889,-3.92538888889,36⁰ 52’ 53’’ N 03⁰ 55’ 31.4’’ W,1510,Root endosphere of Pinus sylvestris,asymptomatic,prASH10,Sierra de Almijara
ASH10R-20220420,ASH10-20220420,19102,Event,Sampling,en,https://creativecommons.org/licenses/by/4.0/legalcode.es,"Lasa, A.V.; Fernández-González, A.J.; Villadas, P.J.; Mercado-Blanco, J.; Pérez-Luque, A.J.; Fernández-López, M. (2024). Mediterranean pine forest decline: a matter of root-associated microbiota and climate change. Science of The Total Environment 926: 171858. doi: 10.1016/j.scitotenv.2024.171858",CSIC-EEZ,Root-associated microbiota of decline-affected and asymptomatic Pinus sylvestris trees,DNA extraction from the rhizosphere of Pinus sylvestris trees and sequencing of the 16S rRNA gene for bacteria and the fungal ITS2 region for fungi,2022,4,20,Europe,Spain,ES,Granada,Alhama de Granada,Cuerda Granada al puerto de Cómpeta,36.8813888889,-3.92538888889,36⁰ 52’ 53’’ N 03⁰ 55’ 31.4’’ W,1510,Rhizosphere of Pinus sylvestris,asymptomatic,prASH10,Sierra de Almijara
ASH11E-20220420,ASH11-20220420,19102,Event,Sampling,en,https://creativecommons.org/licenses/by/4.0/legalcode.es,"Lasa, A.V.; Fernández-González, A.J.; Villadas, P.J.; Mercado-Blanco, J.; Pérez-Luque, A.J.; Fernández-López, M. (2024). Mediterranean pine forest decline: a matter of root-associated microbiota and climate change. Science of The Total Environment 926: 171858. doi: 10.1016/j.scitotenv.2024.171858",CSIC-EEZ,Root-associated microbiota of decline-affected and asymptomatic Pinus sylvestris trees,DNA extraction from the root endosphere of Pinus sylvestris trees and sequencing of the 16S rRNA gene for bacteria and the fungal ITS2 region for fungi,2022,4,20,Europe,Spain,ES,Granada,Alhama de Granada,Cuerda Granada al puerto de Cómpeta,36.8813888889,-3.92538888889,36⁰ 52’ 53’’ N 03⁰ 55’ 31.4’’ W,1510,Root endosphere of Pinus sylvestris,asymptomatic,prASH11,Sierra de Almijara
ASH11R-20220420,ASH11-20220420,19102,Event,Sampling,en,https://creativecommons.org/licenses/by/4.0/legalcode.es,"Lasa, A.V.; Fernández-González, A.J.; Villadas, P.J.; Mercado-Blanco, J.; Pérez-Luque, A.J.; Fernández-López, M. (2024). Mediterranean pine forest decline: a matter of root-associated microbiota and climate change. Science of The Total Environment 926: 171858. doi: 10.1016/j.scitotenv.2024.171858",CSIC-EEZ,Root-associated microbiota of decline-affected and asymptomatic Pinus sylvestris trees,DNA extraction from the rhizosphere of Pinus sylvestris trees and sequencing of the 16S rRNA gene for bacteria and the fungal ITS2 region for fungi,2022,4,20,Europe,Spain,ES,Granada,Alhama de Granada,Cuerda Granada al puerto de Cómpeta,36.8813888889,-3.92538888889,36⁰ 52’ 53’’ N 03⁰ 55’ 31.4’’ W,1510,Rhizosphere of Pinus sylvestris,asymptomatic,prASH11,Sierra de Almijara
ASH12E-20220420,ASH12-20220420,19102,Event,Sampling,en,https://creativecommons.org/licenses/by/4.0/legalcode.es,"Lasa, A.V.; Fernández-González, A.J.; Villadas, P.J.; Mercado-Blanco, J.; Pérez-Luque, A.J.; Fernández-López, M. (2024). Mediterranean pine forest decline: a matter of root-associated microbiota and climate change. Science of The Total Environment 926: 171858. doi: 10.1016/j.scitotenv.2024.171858",CSIC-EEZ,Root-associated microbiota of decline-affected and asymptomatic Pinus sylvestris trees,DNA extraction from the root endosphere of Pinus sylvestris trees and sequencing of the 16S rRNA gene for bacteria and the fungal ITS2 region for fungi,2022,4,20,Europe,Spain,ES,Granada,Alhama de Granada,Cuerda Granada al puerto de Cómpeta,36.8813888889,-3.92538888889,36⁰ 52’ 53’’ N 03⁰ 55’ 31.4’’ W,1510,Root endosphere of Pinus sylvestris,asymptomatic,prASH12,Sierra de Almijara
ASH12R-20220420,ASH12-20220420,19102,Event,Sampling,en,https://creativecommons.org/licenses/by/4.0/legalcode.es,"Lasa, A.V.; Fernández-González, A.J.; Villadas, P.J.; Mercado-Blanco, J.; Pérez-Luque, A.J.; Fernández-López, M. (2024). Mediterranean pine forest decline: a matter of root-associated microbiota and climate change. Science of The Total Environment 926: 171858. doi: 10.1016/j.scitotenv.2024.171858",CSIC-EEZ,Root-associated microbiota of decline-affected and asymptomatic Pinus sylvestris trees,DNA extraction from the rhizosphere of Pinus sylvestris trees and sequencing of the 16S rRNA gene for bacteria and the fungal ITS2 region for fungi,2022,4,20,Europe,Spain,ES,Granada,Alhama de Granada,Cuerda Granada al puerto de Cómpeta,36.8813888889,-3.92538888889,36⁰ 52’ 53’’ N 03⁰ 55’ 31.4’’ W,1510,Rhizosphere of Pinus sylvestris,asymptomatic,prASH12,Sierra de Almijara
BSD01E-20220427,BSD01-20220427,19109,Event,Sampling,en,https://creativecommons.org/licenses/by/4.0/legalcode.es,"Lasa, A.V.; Fernández-González, A.J.; Villadas, P.J.; Mercado-Blanco, J.; Pérez-Luque, A.J.; Fernández-López, M. (2024). Mediterranean pine forest decline: a matter of root-associated microbiota and climate change. Science of The Total Environment 926: 171858. doi: 10.1016/j.scitotenv.2024.171858",CSIC-EEZ,Root-associated microbiota of decline-affected and asymptomatic Pinus sylvestris trees,DNA extraction from the root endosphere of Pinus sylvestris trees and sequencing of the 16S rRNA gene for bacteria and the fungal ITS2 region for fungi,2022,4,27,Europe,Spain,ES,Granada,Baza,Cortijo del Moro,37.2890833333,-2.70555555556,37⁰ 17’ 20.7’’ N 02⁰ 42’ 20.0’’ W,1584,Root endosphere of Pinus sylvestris,symptomatic,prBSD01,Sierra de Baza
BSD01R-20220427,BSD01-20220427,19109,Event,Sampling,en,https://creativecommons.org/licenses/by/4.0/legalcode.es,"Lasa, A.V.; Fernández-González, A.J.; Villadas, P.J.; Mercado-Blanco, J.; Pérez-Luque, A.J.; Fernández-López, M. (2024). Mediterranean pine forest decline: a matter of root-associated microbiota and climate change. Science of The Total Environment 926: 171858. doi: 10.1016/j.scitotenv.2024.171858",CSIC-EEZ,Root-associated microbiota of decline-affected and asymptomatic Pinus sylvestris trees,DNA extraction from the rhizosphere of Pinus sylvestris trees and sequencing of the 16S rRNA gene for bacteria and the fungal ITS2 region for fungi,2022,4,27,Europe,Spain,ES,Granada,Baza,Cortijo del Moro,37.2890833333,-2.70555555556,37⁰ 17’ 20.7’’ N 02⁰ 42’ 20.0’’ W,1584,Rhizosphere of Pinus sylvestris,symptomatic,prBSD01,Sierra de Baza
BSD02E-20220427,BSD02-20220427,19109,Event,Sampling,en,https://creativecommons.org/licenses/by/4.0/legalcode.es,"Lasa, A.V.; Fernández-González, A.J.; Villadas, P.J.; Mercado-Blanco, J.; Pérez-Luque, A.J.; Fernández-López, M. (2024). Mediterranean pine forest decline: a matter of root-associated microbiota and climate change. Science of The Total Environment 926: 171858. doi: 10.1016/j.scitotenv.2024.171858",CSIC-EEZ,Root-associated microbiota of decline-affected and asymptomatic Pinus sylvestris trees,DNA extraction from the root endosphere of Pinus sylvestris trees and sequencing of the 16S rRNA gene for bacteria and the fungal ITS2 region for fungi,2022,4,27,Europe,Spain,ES,Granada,Baza,Cortijo del Moro,37.2890833333,-2.70555555556,37⁰ 17’ 20.7’’ N 02⁰ 42’ 20.0’’ W,1584,Root endosphere of Pinus sylvestris,symptomatic,prBSD02,Sierra de Baza
BSD02R-20220427,BSD02-20220427,19109,Event,Sampling,en,https://creativecommons.org/licenses/by/4.0/legalcode.es,"Lasa, A.V.; Fernández-González, A.J.; Villadas, P.J.; Mercado-Blanco, J.; Pérez-Luque, A.J.; Fernández-López, M. (2024). Mediterranean pine forest decline: a matter of root-associated microbiota and climate change. Science of The Total Environment 926: 171858. doi: 10.1016/j.scitotenv.2024.171858",CSIC-EEZ,Root-associated microbiota of decline-affected and asymptomatic Pinus sylvestris trees,DNA extraction from the rhizosphere of Pinus sylvestris trees and sequencing of the 16S rRNA gene for bacteria and the fungal ITS2 region for fungi,2022,4,27,Europe,Spain,ES,Granada,Baza,Cortijo del Moro,37.2890833333,-2.70555555556,37⁰ 17’ 20.7’’ N 02⁰ 42’ 20.0’’ W,1584,Rhizosphere of Pinus sylvestris,symptomatic,prBSD02,Sierra de Baza
BSD03E-20220427,BSD03-20220427,19109,Event,Sampling,en,https://creativecommons.org/licenses/by/4.0/legalcode.es,"Lasa, A.V.; Fernández-González, A.J.; Villadas, P.J.; Mercado-Blanco, J.; Pérez-Luque, A.J.; Fernández-López, M. (2024). Mediterranean pine forest decline: a matter of root-associated microbiota and climate change. Science of The Total Environment 926: 171858. doi: 10.1016/j.scitotenv.2024.171858",CSIC-EEZ,Root-associated microbiota of decline-affected and asymptomatic Pinus sylvestris trees,DNA extraction from the root endosphere of Pinus sylvestris trees and sequencing of the 16S rRNA gene for bacteria and the fungal ITS2 region for fungi,2022,4,27,Europe,Spain,ES,Granada,Baza,Cortijo del Moro,37.2890833333,-2.70555555556,37⁰ 17’ 20.7’’ N 02⁰ 42’ 20.0’’ W,1584,Root endosphere of Pinus sylvestris,symptomatic,prBSD03,Sierra de Baza
BSD03R-20220427,BSD03-20220427,19109,Event,Sampling,en,https://creativecommons.org/licenses/by/4.0/legalcode.es,"Lasa, A.V.; Fernández-González, A.J.; Villadas, P.J.; Mercado-Blanco, J.; Pérez-Luque, A.J.; Fernández-López, M. (2024). Mediterranean pine forest decline: a matter of root-associated microbiota and climate change. Science of The Total Environment 926: 171858. doi: 10.1016/j.scitotenv.2024.171858",CSIC-EEZ,Root-associated microbiota of decline-affected and asymptomatic Pinus sylvestris trees,DNA extraction from the rhizosphere of Pinus sylvestris trees and sequencing of the 16S rRNA gene for bacteria and the fungal ITS2 region for fungi,2022,4,27,Europe,Spain,ES,Granada,Baza,Cortijo del Moro,37.2890833333,-2.70555555556,37⁰ 17’ 20.7’’ N 02⁰ 42’ 20.0’’ W,1584,Rhizosphere of Pinus sylvestris,symptomatic,prBSD03,Sierra de Baza
BSD04E-20220427,BSD04-20220427,19109,Event,Sampling,en,https://creativecommons.org/licenses/by/4.0/legalcode.es,"Lasa, A.V.; Fernández-González, A.J.; Villadas, P.J.; Mercado-Blanco, J.; Pérez-Luque, A.J.; Fernández-López, M. (2024). Mediterranean pine forest decline: a matter of root-associated microbiota and climate change. Science of The Total Environment 926: 171858. doi: 10.1016/j.scitotenv.2024.171858",CSIC-EEZ,Root-associated microbiota of decline-affected and asymptomatic Pinus sylvestris trees,DNA extraction from the root endosphere of Pinus sylvestris trees and sequencing of the 16S rRNA gene for bacteria and the fungal ITS2 region for fungi,2022,4,27,Europe,Spain,ES,Granada,Baza,Cortijo del Moro,37.2890833333,-2.70555555556,37⁰ 17’ 20.7’’ N 02⁰ 42’ 20.0’’ W,1584,Root endosphere of Pinus sylvestris,symptomatic,prBSD04,Sierra de Baza
BSD04R-20220427,BSD04-20220427,19109,Event,Sampling,en,https://creativecommons.org/licenses/by/4.0/legalcode.es,"Lasa, A.V.; Fernández-González, A.J.; Villadas, P.J.; Mercado-Blanco, J.; Pérez-Luque, A.J.; Fernández-López, M. (2024). Mediterranean pine forest decline: a matter of root-associated microbiota and climate change. Science of The Total Environment 926: 171858. doi: 10.1016/j.scitotenv.2024.171858",CSIC-EEZ,Root-associated microbiota of decline-affected and asymptomatic Pinus sylvestris trees,DNA extraction from the rhizosphere of Pinus sylvestris trees and sequencing of the 16S rRNA gene for bacteria and the fungal ITS2 region for fungi,2022,4,27,Europe,Spain,ES,Granada,Baza,Cortijo del Moro,37.2890833333,-2.70555555556,37⁰ 17’ 20.7’’ N 02⁰ 42’ 20.0’’ W,1584,Rhizosphere of Pinus sylvestris,symptomatic,prBSD04,Sierra de Baza
BSD05E-20220427,BSD05-20220427,19109,Event,Sampling,en,https://creativecommons.org/licenses/by/4.0/legalcode.es,"Lasa, A.V.; Fernández-González, A.J.; Villadas, P.J.; Mercado-Blanco, J.; Pérez-Luque, A.J.; Fernández-López, M. (2024). Mediterranean pine forest decline: a matter of root-associated microbiota and climate change. Science of The Total Environment 926: 171858. doi: 10.1016/j.scitotenv.2024.171858",CSIC-EEZ,Root-associated microbiota of decline-affected and asymptomatic Pinus sylvestris trees,DNA extraction from the root endosphere of Pinus sylvestris trees and sequencing of the 16S rRNA gene for bacteria and the fungal ITS2 region for fungi,2022,4,27,Europe,Spain,ES,Granada,Baza,Cortijo del Moro,37.2890833333,-2.70555555556,37⁰ 17’ 20.7’’ N 02⁰ 42’ 20.0’’ W,1584,Root endosphere of Pinus sylvestris,symptomatic,prBSD05,Sierra de Baza
BSD05R-20220427,BSD05-20220427,19109,Event,Sampling,en,https://creativecommons.org/licenses/by/4.0/legalcode.es,"Lasa, A.V.; Fernández-González, A.J.; Villadas, P.J.; Mercado-Blanco, J.; Pérez-Luque, A.J.; Fernández-López, M. (2024). Mediterranean pine forest decline: a matter of root-associated microbiota and climate change. Science of The Total Environment 926: 171858. doi: 10.1016/j.scitotenv.2024.171858",CSIC-EEZ,Root-associated microbiota of decline-affected and asymptomatic Pinus sylvestris trees,DNA extraction from the rhizosphere of Pinus sylvestris trees and sequencing of the 16S rRNA gene for bacteria and the fungal ITS2 region for fungi,2022,4,27,Europe,Spain,ES,Granada,Baza,Cortijo del Moro,37.2890833333,-2.70555555556,37⁰ 17’ 20.7’’ N 02⁰ 42’ 20.0’’ W,1584,Rhizosphere of Pinus sylvestris,symptomatic,prBSD05,Sierra de Baza
BSD06E-20220427,BSD06-20220427,19109,Event,Sampling,en,https://creativecommons.org/licenses/by/4.0/legalcode.es,"Lasa, A.V.; Fernández-González, A.J.; Villadas, P.J.; Mercado-Blanco, J.; Pérez-Luque, A.J.; Fernández-López, M. (2024). Mediterranean pine forest decline: a matter of root-associated microbiota and climate change. Science of The Total Environment 926: 171858. doi: 10.1016/j.scitotenv.2024.171858",CSIC-EEZ,Root-associated microbiota of decline-affected and asymptomatic Pinus sylvestris trees,DNA extraction from the root endosphere of Pinus sylvestris trees and sequencing of the 16S rRNA gene for bacteria and the fungal ITS2 region for fungi,2022,4,27,Europe,Spain,ES,Granada,Baza,Cortijo del Moro,37.2890833333,-2.70555555556,37⁰ 17’ 20.7’’ N 02⁰ 42’ 20.0’’ W,1584,Root endosphere of Pinus sylvestris,symptomatic,prBSD06,Sierra de Baza
BSD06R-20220427,BSD06-20220427,19109,Event,Sampling,en,https://creativecommons.org/licenses/by/4.0/legalcode.es,"Lasa, A.V.; Fernández-González, A.J.; Villadas, P.J.; Mercado-Blanco, J.; Pérez-Luque, A.J.; Fernández-López, M. (2024). Mediterranean pine forest decline: a matter of root-associated microbiota and climate change. Science of The Total Environment 926: 171858. doi: 10.1016/j.scitotenv.2024.171858",CSIC-EEZ,Root-associated microbiota of decline-affected and asymptomatic Pinus sylvestris trees,DNA extraction from the rhizosphere of Pinus sylvestris trees and sequencing of the 16S rRNA gene for bacteria and the fungal ITS2 region for fungi,2022,4,27,Europe,Spain,ES,Granada,Baza,Cortijo del Moro,37.2890833333,-2.70555555556,37⁰ 17’ 20.7’’ N 02⁰ 42’ 20.0’’ W,1584,Rhizosphere of Pinus sylvestris,symptomatic,prBSD06,Sierra de Baza
BSD07E-20220427,BSD07-20220427,19109,Event,Sampling,en,https://creativecommons.org/licenses/by/4.0/legalcode.es,"Lasa, A.V.; Fernández-González, A.J.; Villadas, P.J.; Mercado-Blanco, J.; Pérez-Luque, A.J.; Fernández-López, M. (2024). Mediterranean pine forest decline: a matter of root-associated microbiota and climate change. Science of The Total Environment 926: 171858. doi: 10.1016/j.scitotenv.2024.171858",CSIC-EEZ,Root-associated microbiota of decline-affected and asymptomatic Pinus sylvestris trees,DNA extraction from the root endosphere of Pinus sylvestris trees and sequencing of the 16S rRNA gene for bacteria and the fungal ITS2 region for fungi,2022,4,27,Europe,Spain,ES,Granada,Baza,Cortijo del Moro,37.2890833333,-2.70555555556,37⁰ 17’ 20.7’’ N 02⁰ 42’ 20.0’’ W,1584,Root endosphere of Pinus sylvestris,symptomatic,prBSD07,Sierra de Baza
BSD07R-20220427,BSD07-20220427,19109,Event,Sampling,en,https://creativecommons.org/licenses/by/4.0/legalcode.es,"Lasa, A.V.; Fernández-González, A.J.; Villadas, P.J.; Mercado-Blanco, J.; Pérez-Luque, A.J.; Fernández-López, M. (2024). Mediterranean pine forest decline: a matter of root-associated microbiota and climate change. Science of The Total Environment 926: 171858. doi: 10.1016/j.scitotenv.2024.171858",CSIC-EEZ,Root-associated microbiota of decline-affected and asymptomatic Pinus sylvestris trees,DNA extraction from the rhizosphere of Pinus sylvestris trees and sequencing of the 16S rRNA gene for bacteria and the fungal ITS2 region for fungi,2022,4,27,Europe,Spain,ES,Granada,Baza,Cortijo del Moro,37.2890833333,-2.70555555556,37⁰ 17’ 20.7’’ N 02⁰ 42’ 20.0’’ W,1584,Rhizosphere of Pinus sylvestris,symptomatic,prBSD07,Sierra de Baza
BSD08E-20220427,BSD08-20220427,19109,Event,Sampling,en,https://creativecommons.org/licenses/by/4.0/legalcode.es,"Lasa, A.V.; Fernández-González, A.J.; Villadas, P.J.; Mercado-Blanco, J.; Pérez-Luque, A.J.; Fernández-López, M. (2024). Mediterranean pine forest decline: a matter of root-associated microbiota and climate change. Science of The Total Environment 926: 171858. doi: 10.1016/j.scitotenv.2024.171858",CSIC-EEZ,Root-associated microbiota of decline-affected and asymptomatic Pinus sylvestris trees,DNA extraction from the root endosphere of Pinus sylvestris trees and sequencing of the 16S rRNA gene for bacteria and the fungal ITS2 region for fungi,2022,4,27,Europe,Spain,ES,Granada,Baza,Cortijo del Moro,37.2890833333,-2.70555555556,37⁰ 17’ 20.7’’ N 02⁰ 42’ 20.0’’ W,1584,Root endosphere of Pinus sylvestris,symptomatic,prBSD08,Sierra de Baza
BSD08R-20220427,BSD08-20220427,19109,Event,Sampling,en,https://creativecommons.org/licenses/by/4.0/legalcode.es,"Lasa, A.V.; Fernández-González, A.J.; Villadas, P.J.; Mercado-Blanco, J.; Pérez-Luque, A.J.; Fernández-López, M. (2024). Mediterranean pine forest decline: a matter of root-associated microbiota and climate change. Science of The Total Environment 926: 171858. doi: 10.1016/j.scitotenv.2024.171858",CSIC-EEZ,Root-associated microbiota of decline-affected and asymptomatic Pinus sylvestris trees,DNA extraction from the rhizosphere of Pinus sylvestris trees and sequencing of the 16S rRNA gene for bacteria and the fungal ITS2 region for fungi,2022,4,27,Europe,Spain,ES,Granada,Baza,Cortijo del Moro,37.2890833333,-2.70555555556,37⁰ 17’ 20.7’’ N 02⁰ 42’ 20.0’’ W,1584,Rhizosphere of Pinus sylvestris,symptomatic,prBSD08,Sierra de Baza
BSD09E-20220427,BSD09-20220427,19109,Event,Sampling,en,https://creativecommons.org/licenses/by/4.0/legalcode.es,"Lasa, A.V.; Fernández-González, A.J.; Villadas, P.J.; Mercado-Blanco, J.; Pérez-Luque, A.J.; Fernández-López, M. (2024). Mediterranean pine forest decline: a matter of root-associated microbiota and climate change. Science of The Total Environment 926: 171858. doi: 10.1016/j.scitotenv.2024.171858",CSIC-EEZ,Root-associated microbiota of decline-affected and asymptomatic Pinus sylvestris trees,DNA extraction from the root endosphere of Pinus sylvestris trees and sequencing of the 16S rRNA gene for bacteria and the fungal ITS2 region for fungi,2022,4,27,Europe,Spain,ES,Granada,Baza,Cortijo del Moro,37.2890833333,-2.70555555556,37⁰ 17’ 20.7’’ N 02⁰ 42’ 20.0’’ W,1584,Root endosphere of Pinus sylvestris,symptomatic,prBSD09,Sierra de Baza
BSD09R-20220427,BSD09-20220427,19109,Event,Sampling,en,https://creativecommons.org/licenses/by/4.0/legalcode.es,"Lasa, A.V.; Fernández-González, A.J.; Villadas, P.J.; Mercado-Blanco, J.; Pérez-Luque, A.J.; Fernández-López, M. (2024). Mediterranean pine forest decline: a matter of root-associated microbiota and climate change. Science of The Total Environment 926: 171858. doi: 10.1016/j.scitotenv.2024.171858",CSIC-EEZ,Root-associated microbiota of decline-affected and asymptomatic Pinus sylvestris trees,DNA extraction from the rhizosphere of Pinus sylvestris trees and sequencing of the 16S rRNA gene for bacteria and the fungal ITS2 region for fungi,2022,4,27,Europe,Spain,ES,Granada,Baza,Cortijo del Moro,37.2890833333,-2.70555555556,37⁰ 17’ 20.7’’ N 02⁰ 42’ 20.0’’ W,1584,Rhizosphere of Pinus sylvestris,symptomatic,prBSD09,Sierra de Baza
BSD10E-20220427,BSD10-20220427,19109,Event,Sampling,en,https://creativecommons.org/licenses/by/4.0/legalcode.es,"Lasa, A.V.; Fernández-González, A.J.; Villadas, P.J.; Mercado-Blanco, J.; Pérez-Luque, A.J.; Fernández-López, M. (2024). Mediterranean pine forest decline: a matter of root-associated microbiota and climate change. Science of The Total Environment 926: 171858. doi: 10.1016/j.scitotenv.2024.171858",CSIC-EEZ,Root-associated microbiota of decline-affected and asymptomatic Pinus sylvestris trees,DNA extraction from the root endosphere of Pinus sylvestris trees and sequencing of the 16S rRNA gene for bacteria and the fungal ITS2 region for fungi,2022,4,27,Europe,Spain,ES,Granada,Baza,Cortijo del Moro,37.2890833333,-2.70555555556,37⁰ 17’ 20.7’’ N 02⁰ 42’ 20.0’’ W,1584,Root endosphere of Pinus sylvestris,symptomatic,prBSD10,Sierra de Baza
BSD10R-20220427,BSD10-20220427,19109,Event,Sampling,en,https://creativecommons.org/licenses/by/4.0/legalcode.es,"Lasa, A.V.; Fernández-González, A.J.; Villadas, P.J.; Mercado-Blanco, J.; Pérez-Luque, A.J.; Fernández-López, M. (2024). Mediterranean pine forest decline: a matter of root-associated microbiota and climate change. Science of The Total Environment 926: 171858. doi: 10.1016/j.scitotenv.2024.171858",CSIC-EEZ,Root-associated microbiota of decline-affected and asymptomatic Pinus sylvestris trees,DNA extraction from the rhizosphere of Pinus sylvestris trees and sequencing of the 16S rRNA gene for bacteria and the fungal ITS2 region for fungi,2022,4,27,Europe,Spain,ES,Granada,Baza,Cortijo del Moro,37.2890833333,-2.70555555556,37⁰ 17’ 20.7’’ N 02⁰ 42’ 20.0’’ W,1584,Rhizosphere of Pinus sylvestris,symptomatic,prBSD10,Sierra de Baza
BSD11E-20220427,BSD11-20220427,19109,Event,Sampling,en,https://creativecommons.org/licenses/by/4.0/legalcode.es,"Lasa, A.V.; Fernández-González, A.J.; Villadas, P.J.; Mercado-Blanco, J.; Pérez-Luque, A.J.; Fernández-López, M. (2024). Mediterranean pine forest decline: a matter of root-associated microbiota and climate change. Science of The Total Environment 926: 171858. doi: 10.1016/j.scitotenv.2024.171858",CSIC-EEZ,Root-associated microbiota of decline-affected and asymptomatic Pinus sylvestris trees,DNA extraction from the root endosphere of Pinus sylvestris trees and sequencing of the 16S rRNA gene for bacteria and the fungal ITS2 region for fungi,2022,4,27,Europe,Spain,ES,Granada,Baza,Cortijo del Moro,37.2890833333,-2.70555555556,37⁰ 17’ 20.7’’ N 02⁰ 42’ 20.0’’ W,1584,Root endosphere of Pinus sylvestris,symptomatic,prBSD11,Sierra de Baza
BSD11R-20220427,BSD11-20220427,19109,Event,Sampling,en,https://creativecommons.org/licenses/by/4.0/legalcode.es,"Lasa, A.V.; Fernández-González, A.J.; Villadas, P.J.; Mercado-Blanco, J.; Pérez-Luque, A.J.; Fernández-López, M. (2024). Mediterranean pine forest decline: a matter of root-associated microbiota and climate change. Science of The Total Environment 926: 171858. doi: 10.1016/j.scitotenv.2024.171858",CSIC-EEZ,Root-associated microbiota of decline-affected and asymptomatic Pinus sylvestris trees,DNA extraction from the rhizosphere of Pinus sylvestris trees and sequencing of the 16S rRNA gene for bacteria and the fungal ITS2 region for fungi,2022,4,27,Europe,Spain,ES,Granada,Baza,Cortijo del Moro,37.2890833333,-2.70555555556,37⁰ 17’ 20.7’’ N 02⁰ 42’ 20.0’’ W,1584,Rhizosphere of Pinus sylvestris,symptomatic,prBSD11,Sierra de Baza
BSD12E-20220427,BSD12-20220427,19109,Event,Sampling,en,https://creativecommons.org/licenses/by/4.0/legalcode.es,"Lasa, A.V.; Fernández-González, A.J.; Villadas, P.J.; Mercado-Blanco, J.; Pérez-Luque, A.J.; Fernández-López, M. (2024). Mediterranean pine forest decline: a matter of root-associated microbiota and climate change. Science of The Total Environment 926: 171858. doi: 10.1016/j.scitotenv.2024.171858",CSIC-EEZ,Root-associated microbiota of decline-affected and asymptomatic Pinus sylvestris trees,DNA extraction from the root endosphere of Pinus sylvestris trees and sequencing of the 16S rRNA gene for bacteria and the fungal ITS2 region for fungi,2022,4,27,Europe,Spain,ES,Granada,Baza,Cortijo del Moro,37.2890833333,-2.70555555556,37⁰ 17’ 20.7’’ N 02⁰ 42’ 20.0’’ W,1584,Root endosphere of Pinus sylvestris,symptomatic,prBSD12,Sierra de Baza
BSD12R-20220427,BSD12-20220427,19109,Event,Sampling,en,https://creativecommons.org/licenses/by/4.0/legalcode.es,"Lasa, A.V.; Fernández-González, A.J.; Villadas, P.J.; Mercado-Blanco, J.; Pérez-Luque, A.J.; Fernández-López, M. (2024). Mediterranean pine forest decline: a matter of root-associated microbiota and climate change. Science of The Total Environment 926: 171858. doi: 10.1016/j.scitotenv.2024.171858",CSIC-EEZ,Root-associated microbiota of decline-affected and asymptomatic Pinus sylvestris trees,DNA extraction from the rhizosphere of Pinus sylvestris trees and sequencing of the 16S rRNA gene for bacteria and the fungal ITS2 region for fungi,2022,4,27,Europe,Spain,ES,Granada,Baza,Cortijo del Moro,37.2890833333,-2.70555555556,37⁰ 17’ 20.7’’ N 02⁰ 42’ 20.0’’ W,1584,Rhizosphere of Pinus sylvestris,symptomatic,prBSD12,Sierra de Baza
NSD01E-20220511,NSD01-20220511,19123,Event,Sampling,en,https://creativecommons.org/licenses/by/4.0/legalcode.es,"Lasa, A.V.; Fernández-González, A.J.; Villadas, P.J.; Mercado-Blanco, J.; Pérez-Luque, A.J.; Fernández-López, M. (2024). Mediterranean pine forest decline: a matter of root-associated microbiota and climate change. Science of The Total Environment 926: 171858. doi: 10.1016/j.scitotenv.2024.171858",CSIC-EEZ,Root-associated microbiota of decline-affected and asymptomatic Pinus sylvestris trees,DNA extraction from the root endosphere of Pinus sylvestris trees and sequencing of the 16S rRNA gene for bacteria and the fungal ITS2 region for fungi,2022,5,11,Europe,Spain,ES,Granada,Aldeire,Haza de los Montesinos,37.1350833333,-3.11755555556,37⁰ 08’ 06.3’’ N 03⁰ 07’ 03.2’’ W,1920,Root endosphere of Pinus sylvestris,symptomatic,prNSD01,Sierra Nevada
NSD01R-20220511,NSD01-20220511,19123,Event,Sampling,en,https://creativecommons.org/licenses/by/4.0/legalcode.es,"Lasa, A.V.; Fernández-González, A.J.; Villadas, P.J.; Mercado-Blanco, J.; Pérez-Luque, A.J.; Fernández-López, M. (2024). Mediterranean pine forest decline: a matter of root-associated microbiota and climate change. Science of The Total Environment 926: 171858. doi: 10.1016/j.scitotenv.2024.171858",CSIC-EEZ,Root-associated microbiota of decline-affected and asymptomatic Pinus sylvestris trees,DNA extraction from the rhizosphere of Pinus sylvestris trees and sequencing of the 16S rRNA gene for bacteria and the fungal ITS2 region for fungi,2022,5,11,Europe,Spain,ES,Granada,Aldeire,Haza de los Montesinos,37.1350833333,-3.11755555556,37⁰ 08’ 06.3’’ N 03⁰ 07’ 03.2’’ W,1920,Rhizosphere of Pinus sylvestris,symptomatic,prNSD01,Sierra Nevada
NSD02E-20220511,NSD02-20220511,19123,Event,Sampling,en,https://creativecommons.org/licenses/by/4.0/legalcode.es,"Lasa, A.V.; Fernández-González, A.J.; Villadas, P.J.; Mercado-Blanco, J.; Pérez-Luque, A.J.; Fernández-López, M. (2024). Mediterranean pine forest decline: a matter of root-associated microbiota and climate change. Science of The Total Environment 926: 171858. doi: 10.1016/j.scitotenv.2024.171858",CSIC-EEZ,Root-associated microbiota of decline-affected and asymptomatic Pinus sylvestris trees,DNA extraction from the root endosphere of Pinus sylvestris trees and sequencing of the 16S rRNA gene for bacteria and the fungal ITS2 region for fungi,2022,5,11,Europe,Spain,ES,Granada,Aldeire,Haza de los Montesinos,37.1350833333,-3.11755555556,37⁰ 08’ 06.3’’ N 03⁰ 07’ 03.2’’ W,1920,Root endosphere of Pinus sylvestris,symptomatic,prNSD02,Sierra Nevada
NSD02R-20220511,NSD02-20220511,19123,Event,Sampling,en,https://creativecommons.org/licenses/by/4.0/legalcode.es,"Lasa, A.V.; Fernández-González, A.J.; Villadas, P.J.; Mercado-Blanco, J.; Pérez-Luque, A.J.; Fernández-López, M. (2024). Mediterranean pine forest decline: a matter of root-associated microbiota and climate change. Science of The Total Environment 926: 171858. doi: 10.1016/j.scitotenv.2024.171858",CSIC-EEZ,Root-associated microbiota of decline-affected and asymptomatic Pinus sylvestris trees,DNA extraction from the rhizosphere of Pinus sylvestris trees and sequencing of the 16S rRNA gene for bacteria and the fungal ITS2 region for fungi,2022,5,11,Europe,Spain,ES,Granada,Aldeire,Haza de los Montesinos,37.1350833333,-3.11755555556,37⁰ 08’ 06.3’’ N 03⁰ 07’ 03.2’’ W,1920,Rhizosphere of Pinus sylvestris,symptomatic,prNSD02,Sierra Nevada
NSD03E-20220511,NSD03-20220511,19123,Event,Sampling,en,https://creativecommons.org/licenses/by/4.0/legalcode.es,"Lasa, A.V.; Fernández-González, A.J.; Villadas, P.J.; Mercado-Blanco, J.; Pérez-Luque, A.J.; Fernández-López, M. (2024). Mediterranean pine forest decline: a matter of root-associated microbiota and climate change. Science of The Total Environment 926: 171858. doi: 10.1016/j.scitotenv.2024.171858",CSIC-EEZ,Root-associated microbiota of decline-affected and asymptomatic Pinus sylvestris trees,DNA extraction from the root endosphere of Pinus sylvestris trees and sequencing of the 16S rRNA gene for bacteria and the fungal ITS2 region for fungi,2022,5,11,Europe,Spain,ES,Granada,Aldeire,Haza de los Montesinos,37.1350833333,-3.11755555556,37⁰ 08’ 06.3’’ N 03⁰ 07’ 03.2’’ W,1920,Root endosphere of Pinus sylvestris,symptomatic,prNSD03,Sierra Nevada
NSD03R-20220511,NSD03-20220511,19123,Event,Sampling,en,https://creativecommons.org/licenses/by/4.0/legalcode.es,"Lasa, A.V.; Fernández-González, A.J.; Villadas, P.J.; Mercado-Blanco, J.; Pérez-Luque, A.J.; Fernández-López, M. (2024). Mediterranean pine forest decline: a matter of root-associated microbiota and climate change. Science of The Total Environment 926: 171858. doi: 10.1016/j.scitotenv.2024.171858",CSIC-EEZ,Root-associated microbiota of decline-affected and asymptomatic Pinus sylvestris trees,DNA extraction from the rhizosphere of Pinus sylvestris trees and sequencing of the 16S rRNA gene for bacteria and the fungal ITS2 region for fungi,2022,5,11,Europe,Spain,ES,Granada,Aldeire,Haza de los Montesinos,37.1350833333,-3.11755555556,37⁰ 08’ 06.3’’ N 03⁰ 07’ 03.2’’ W,1920,Rhizosphere of Pinus sylvestris,symptomatic,prNSD03,Sierra Nevada
NSD04E-20220511,NSD04-20220511,19123,Event,Sampling,en,https://creativecommons.org/licenses/by/4.0/legalcode.es,"Lasa, A.V.; Fernández-González, A.J.; Villadas, P.J.; Mercado-Blanco, J.; Pérez-Luque, A.J.; Fernández-López, M. (2024). Mediterranean pine forest decline: a matter of root-associated microbiota and climate change. Science of The Total Environment 926: 171858. doi: 10.1016/j.scitotenv.2024.171858",CSIC-EEZ,Root-associated microbiota of decline-affected and asymptomatic Pinus sylvestris trees,DNA extraction from the root endosphere of Pinus sylvestris trees and sequencing of the 16S rRNA gene for bacteria and the fungal ITS2 region for fungi,2022,5,11,Europe,Spain,ES,Granada,Aldeire,Haza de los Montesinos,37.1350833333,-3.11755555556,37⁰ 08’ 06.3’’ N 03⁰ 07’ 03.2’’ W,1920,Root endosphere of Pinus sylvestris,symptomatic,prNSD04,Sierra Nevada
NSD04R-20220511,NSD04-20220511,19123,Event,Sampling,en,https://creativecommons.org/licenses/by/4.0/legalcode.es,"Lasa, A.V.; Fernández-González, A.J.; Villadas, P.J.; Mercado-Blanco, J.; Pérez-Luque, A.J.; Fernández-López, M. (2024). Mediterranean pine forest decline: a matter of root-associated microbiota and climate change. Science of The Total Environment 926: 171858. doi: 10.1016/j.scitotenv.2024.171858",CSIC-EEZ,Root-associated microbiota of decline-affected and asymptomatic Pinus sylvestris trees,DNA extraction from the rhizosphere of Pinus sylvestris trees and sequencing of the 16S rRNA gene for bacteria and the fungal ITS2 region for fungi,2022,5,11,Europe,Spain,ES,Granada,Aldeire,Haza de los Montesinos,37.1350833333,-3.11755555556,37⁰ 08’ 06.3’’ N 03⁰ 07’ 03.2’’ W,1920,Rhizosphere of Pinus sylvestris,symptomatic,prNSD04,Sierra Nevada
NSD05E-20220511,NSD05-20220511,19123,Event,Sampling,en,https://creativecommons.org/licenses/by/4.0/legalcode.es,"Lasa, A.V.; Fernández-González, A.J.; Villadas, P.J.; Mercado-Blanco, J.; Pérez-Luque, A.J.; Fernández-López, M. (2024). Mediterranean pine forest decline: a matter of root-associated microbiota and climate change. Science of The Total Environment 926: 171858. doi: 10.1016/j.scitotenv.2024.171858",CSIC-EEZ,Root-associated microbiota of decline-affected and asymptomatic Pinus sylvestris trees,DNA extraction from the root endosphere of Pinus sylvestris trees and sequencing of the 16S rRNA gene for bacteria and the fungal ITS2 region for fungi,2022,5,11,Europe,Spain,ES,Granada,Aldeire,Haza de los Montesinos,37.1350833333,-3.11755555556,37⁰ 08’ 06.3’’ N 03⁰ 07’ 03.2’’ W,1920,Root endosphere of Pinus sylvestris,symptomatic,prNSD05,Sierra Nevada
NSD05R-20220511,NSD05-20220511,19123,Event,Sampling,en,https://creativecommons.org/licenses/by/4.0/legalcode.es,"Lasa, A.V.; Fernández-González, A.J.; Villadas, P.J.; Mercado-Blanco, J.; Pérez-Luque, A.J.; Fernández-López, M. (2024). Mediterranean pine forest decline: a matter of root-associated microbiota and climate change. Science of The Total Environment 926: 171858. doi: 10.1016/j.scitotenv.2024.171858",CSIC-EEZ,Root-associated microbiota of decline-affected and asymptomatic Pinus sylvestris trees,DNA extraction from the rhizosphere of Pinus sylvestris trees and sequencing of the 16S rRNA gene for bacteria and the fungal ITS2 region for fungi,2022,5,11,Europe,Spain,ES,Granada,Aldeire,Haza de los Montesinos,37.1350833333,-3.11755555556,37⁰ 08’ 06.3’’ N 03⁰ 07’ 03.2’’ W,1920,Rhizosphere of Pinus sylvestris,symptomatic,prNSD05,Sierra Nevada
NSD06E-20220511,NSD06-20220511,19123,Event,Sampling,en,https://creativecommons.org/licenses/by/4.0/legalcode.es,"Lasa, A.V.; Fernández-González, A.J.; Villadas, P.J.; Mercado-Blanco, J.; Pérez-Luque, A.J.; Fernández-López, M. (2024). Mediterranean pine forest decline: a matter of root-associated microbiota and climate change. Science of The Total Environment 926: 171858. doi: 10.1016/j.scitotenv.2024.171858",CSIC-EEZ,Root-associated microbiota of decline-affected and asymptomatic Pinus sylvestris trees,DNA extraction from the root endosphere of Pinus sylvestris trees and sequencing of the 16S rRNA gene for bacteria and the fungal ITS2 region for fungi,2022,5,11,Europe,Spain,ES,Granada,Aldeire,Haza de los Montesinos,37.1350833333,-3.11755555556,37⁰ 08’ 06.3’’ N 03⁰ 07’ 03.2’’ W,1920,Root endosphere of Pinus sylvestris,symptomatic,prNSD06,Sierra Nevada
NSD06R-20220511,NSD06-20220511,19123,Event,Sampling,en,https://creativecommons.org/licenses/by/4.0/legalcode.es,"Lasa, A.V.; Fernández-González, A.J.; Villadas, P.J.; Mercado-Blanco, J.; Pérez-Luque, A.J.; Fernández-López, M. (2024). Mediterranean pine forest decline: a matter of root-associated microbiota and climate change. Science of The Total Environment 926: 171858. doi: 10.1016/j.scitotenv.2024.171858",CSIC-EEZ,Root-associated microbiota of decline-affected and asymptomatic Pinus sylvestris trees,DNA extraction from the rhizosphere of Pinus sylvestris trees and sequencing of the 16S rRNA gene for bacteria and the fungal ITS2 region for fungi,2022,5,11,Europe,Spain,ES,Granada,Aldeire,Haza de los Montesinos,37.1350833333,-3.11755555556,37⁰ 08’ 06.3’’ N 03⁰ 07’ 03.2’’ W,1920,Rhizosphere of Pinus sylvestris,symptomatic,prNSD06,Sierra Nevada
NSD07E-20220511,NSD07-20220511,19123,Event,Sampling,en,https://creativecommons.org/licenses/by/4.0/legalcode.es,"Lasa, A.V.; Fernández-González, A.J.; Villadas, P.J.; Mercado-Blanco, J.; Pérez-Luque, A.J.; Fernández-López, M. (2024). Mediterranean pine forest decline: a matter of root-associated microbiota and climate change. Science of The Total Environment 926: 171858. doi: 10.1016/j.scitotenv.2024.171858",CSIC-EEZ,Root-associated microbiota of decline-affected and asymptomatic Pinus sylvestris trees,DNA extraction from the root endosphere of Pinus sylvestris trees and sequencing of the 16S rRNA gene for bacteria and the fungal ITS2 region for fungi,2022,5,11,Europe,Spain,ES,Granada,Aldeire,Haza de los Montesinos,37.1350833333,-3.11755555556,37⁰ 08’ 06.3’’ N 03⁰ 07’ 03.2’’ W,1920,Root endosphere of Pinus sylvestris,symptomatic,prNSD07,Sierra Nevada
NSD07R-20220511,NSD07-20220511,19123,Event,Sampling,en,https://creativecommons.org/licenses/by/4.0/legalcode.es,"Lasa, A.V.; Fernández-González, A.J.; Villadas, P.J.; Mercado-Blanco, J.; Pérez-Luque, A.J.; Fernández-López, M. (2024). Mediterranean pine forest decline: a matter of root-associated microbiota and climate change. Science of The Total Environment 926: 171858. doi: 10.1016/j.scitotenv.2024.171858",CSIC-EEZ,Root-associated microbiota of decline-affected and asymptomatic Pinus sylvestris trees,DNA extraction from the rhizosphere of Pinus sylvestris trees and sequencing of the 16S rRNA gene for bacteria and the fungal ITS2 region for fungi,2022,5,11,Europe,Spain,ES,Granada,Aldeire,Haza de los Montesinos,37.1350833333,-3.11755555556,37⁰ 08’ 06.3’’ N 03⁰ 07’ 03.2’’ W,1920,Rhizosphere of Pinus sylvestris,symptomatic,prNSD07,Sierra Nevada
NSD08E-20220511,NSD08-20220511,19123,Event,Sampling,en,https://creativecommons.org/licenses/by/4.0/legalcode.es,"Lasa, A.V.; Fernández-González, A.J.; Villadas, P.J.; Mercado-Blanco, J.; Pérez-Luque, A.J.; Fernández-López, M. (2024). Mediterranean pine forest decline: a matter of root-associated microbiota and climate change. Science of The Total Environment 926: 171858. doi: 10.1016/j.scitotenv.2024.171858",CSIC-EEZ,Root-associated microbiota of decline-affected and asymptomatic Pinus sylvestris trees,DNA extraction from the root endosphere of Pinus sylvestris trees and sequencing of the 16S rRNA gene for bacteria and the fungal ITS2 region for fungi,2022,5,11,Europe,Spain,ES,Granada,Aldeire,Haza de los Montesinos,37.1350833333,-3.11755555556,37⁰ 08’ 06.3’’ N 03⁰ 07’ 03.2’’ W,1920,Root endosphere of Pinus sylvestris,symptomatic,prNSD08,Sierra Nevada
NSD08R-20220511,NSD08-20220511,19123,Event,Sampling,en,https://creativecommons.org/licenses/by/4.0/legalcode.es,"Lasa, A.V.; Fernández-González, A.J.; Villadas, P.J.; Mercado-Blanco, J.; Pérez-Luque, A.J.; Fernández-López, M. (2024). Mediterranean pine forest decline: a matter of root-associated microbiota and climate change. Science of The Total Environment 926: 171858. doi: 10.1016/j.scitotenv.2024.171858",CSIC-EEZ,Root-associated microbiota of decline-affected and asymptomatic Pinus sylvestris trees,DNA extraction from the rhizosphere of Pinus sylvestris trees and sequencing of the 16S rRNA gene for bacteria and the fungal ITS2 region for fungi,2022,5,11,Europe,Spain,ES,Granada,Aldeire,Haza de los Montesinos,37.1350833333,-3.11755555556,37⁰ 08’ 06.3’’ N 03⁰ 07’ 03.2’’ W,1920,Rhizosphere of Pinus sylvestris,symptomatic,prNSD08,Sierra Nevada
NSD09E-20220511,NSD09-20220511,19123,Event,Sampling,en,https://creativecommons.org/licenses/by/4.0/legalcode.es,"Lasa, A.V.; Fernández-González, A.J.; Villadas, P.J.; Mercado-Blanco, J.; Pérez-Luque, A.J.; Fernández-López, M. (2024). Mediterranean pine forest decline: a matter of root-associated microbiota and climate change. Science of The Total Environment 926: 171858. doi: 10.1016/j.scitotenv.2024.171858",CSIC-EEZ,Root-associated microbiota of decline-affected and asymptomatic Pinus sylvestris trees,DNA extraction from the root endosphere of Pinus sylvestris trees and sequencing of the 16S rRNA gene for bacteria and the fungal ITS2 region for fungi,2022,5,11,Europe,Spain,ES,Granada,Aldeire,Haza de los Montesinos,37.1350833333,-3.11755555556,37⁰ 08’ 06.3’’ N 03⁰ 07’ 03.2’’ W,1920,Root endosphere of Pinus sylvestris,symptomatic,prNSD09,Sierra Nevada
NSD09R-20220511,NSD09-20220511,19123,Event,Sampling,en,https://creativecommons.org/licenses/by/4.0/legalcode.es,"Lasa, A.V.; Fernández-González, A.J.; Villadas, P.J.; Mercado-Blanco, J.; Pérez-Luque, A.J.; Fernández-López, M. (2024). Mediterranean pine forest decline: a matter of root-associated microbiota and climate change. Science of The Total Environment 926: 171858. doi: 10.1016/j.scitotenv.2024.171858",CSIC-EEZ,Root-associated microbiota of decline-affected and asymptomatic Pinus sylvestris trees,DNA extraction from the rhizosphere of Pinus sylvestris trees and sequencing of the 16S rRNA gene for bacteria and the fungal ITS2 region for fungi,2022,5,11,Europe,Spain,ES,Granada,Aldeire,Haza de los Montesinos,37.1350833333,-3.11755555556,37⁰ 08’ 06.3’’ N 03⁰ 07’ 03.2’’ W,1920,Rhizosphere of Pinus sylvestris,symptomatic,prNSD09,Sierra Nevada
NSD10E-20220511,NSD10-20220511,19123,Event,Sampling,en,https://creativecommons.org/licenses/by/4.0/legalcode.es,"Lasa, A.V.; Fernández-González, A.J.; Villadas, P.J.; Mercado-Blanco, J.; Pérez-Luque, A.J.; Fernández-López, M. (2024). Mediterranean pine forest decline: a matter of root-associated microbiota and climate change. Science of The Total Environment 926: 171858. doi: 10.1016/j.scitotenv.2024.171858",CSIC-EEZ,Root-associated microbiota of decline-affected and asymptomatic Pinus sylvestris trees,DNA extraction from the root endosphere of Pinus sylvestris trees and sequencing of the 16S rRNA gene for bacteria and the fungal ITS2 region for fungi,2022,5,11,Europe,Spain,ES,Granada,Aldeire,Haza de los Montesinos,37.1350833333,-3.11755555556,37⁰ 08’ 06.3’’ N 03⁰ 07’ 03.2’’ W,1920,Root endosphere of Pinus sylvestris,symptomatic,prNSD10,Sierra Nevada
NSD10R-20220511,NSD10-20220511,19123,Event,Sampling,en,https://creativecommons.org/licenses/by/4.0/legalcode.es,"Lasa, A.V.; Fernández-González, A.J.; Villadas, P.J.; Mercado-Blanco, J.; Pérez-Luque, A.J.; Fernández-López, M. (2024). Mediterranean pine forest decline: a matter of root-associated microbiota and climate change. Science of The Total Environment 926: 171858. doi: 10.1016/j.scitotenv.2024.171858",CSIC-EEZ,Root-associated microbiota of decline-affected and asymptomatic Pinus sylvestris trees,DNA extraction from the rhizosphere of Pinus sylvestris trees and sequencing of the 16S rRNA gene for bacteria and the fungal ITS2 region for fungi,2022,5,11,Europe,Spain,ES,Granada,Aldeire,Haza de los Montesinos,37.1350833333,-3.11755555556,37⁰ 08’ 06.3’’ N 03⁰ 07’ 03.2’’ W,1920,Rhizosphere of Pinus sylvestris,symptomatic,prNSD10,Sierra Nevada
NSD11E-20220511,NSD11-20220511,19123,Event,Sampling,en,https://creativecommons.org/licenses/by/4.0/legalcode.es,"Lasa, A.V.; Fernández-González, A.J.; Villadas, P.J.; Mercado-Blanco, J.; Pérez-Luque, A.J.; Fernández-López, M. (2024). Mediterranean pine forest decline: a matter of root-associated microbiota and climate change. Science of The Total Environment 926: 171858. doi: 10.1016/j.scitotenv.2024.171858",CSIC-EEZ,Root-associated microbiota of decline-affected and asymptomatic Pinus sylvestris trees,DNA extraction from the root endosphere of Pinus sylvestris trees and sequencing of the 16S rRNA gene for bacteria and the fungal ITS2 region for fungi,2022,5,11,Europe,Spain,ES,Granada,Aldeire,Haza de los Montesinos,37.1350833333,-3.11755555556,37⁰ 08’ 06.3’’ N 03⁰ 07’ 03.2’’ W,1920,Root endosphere of Pinus sylvestris,symptomatic,prNSD11,Sierra Nevada
NSD11R-20220511,NSD11-20220511,19123,Event,Sampling,en,https://creativecommons.org/licenses/by/4.0/legalcode.es,"Lasa, A.V.; Fernández-González, A.J.; Villadas, P.J.; Mercado-Blanco, J.; Pérez-Luque, A.J.; Fernández-López, M. (2024). Mediterranean pine forest decline: a matter of root-associated microbiota and climate change. Science of The Total Environment 926: 171858. doi: 10.1016/j.scitotenv.2024.171858",CSIC-EEZ,Root-associated microbiota of decline-affected and asymptomatic Pinus sylvestris trees,DNA extraction from the rhizosphere of Pinus sylvestris trees and sequencing of the 16S rRNA gene for bacteria and the fungal ITS2 region for fungi,2022,5,11,Europe,Spain,ES,Granada,Aldeire,Haza de los Montesinos,37.1350833333,-3.11755555556,37⁰ 08’ 06.3’’ N 03⁰ 07’ 03.2’’ W,1920,Rhizosphere of Pinus sylvestris,symptomatic,prNSD11,Sierra Nevada
NSD12E-20220511,NSD12-20220511,19123,Event,Sampling,en,https://creativecommons.org/licenses/by/4.0/legalcode.es,"Lasa, A.V.; Fernández-González, A.J.; Villadas, P.J.; Mercado-Blanco, J.; Pérez-Luque, A.J.; Fernández-López, M. (2024). Mediterranean pine forest decline: a matter of root-associated microbiota and climate change. Science of The Total Environment 926: 171858. doi: 10.1016/j.scitotenv.2024.171858",CSIC-EEZ,Root-associated microbiota of decline-affected and asymptomatic Pinus sylvestris trees,DNA extraction from the root endosphere of Pinus sylvestris trees and sequencing of the 16S rRNA gene for bacteria and the fungal ITS2 region for fungi,2022,5,11,Europe,Spain,ES,Granada,Aldeire,Haza de los Montesinos,37.1350833333,-3.11755555556,37⁰ 08’ 06.3’’ N 03⁰ 07’ 03.2’’ W,1920,Root endosphere of Pinus sylvestris,symptomatic,prNSD12,Sierra Nevada
NSD12R-20220511,NSD12-20220511,19123,Event,Sampling,en,https://creativecommons.org/licenses/by/4.0/legalcode.es,"Lasa, A.V.; Fernández-González, A.J.; Villadas, P.J.; Mercado-Blanco, J.; Pérez-Luque, A.J.; Fernández-López, M. (2024). Mediterranean pine forest decline: a matter of root-associated microbiota and climate change. Science of The Total Environment 926: 171858. doi: 10.1016/j.scitotenv.2024.171858",CSIC-EEZ,Root-associated microbiota of decline-affected and asymptomatic Pinus sylvestris trees,DNA extraction from the rhizosphere of Pinus sylvestris trees and sequencing of the 16S rRNA gene for bacteria and the fungal ITS2 region for fungi,2022,5,11,Europe,Spain,ES,Granada,Aldeire,Haza de los Montesinos,37.1350833333,-3.11755555556,37⁰ 08’ 06.3’’ N 03⁰ 07’ 03.2’’ W,1920,Rhizosphere of Pinus sylvestris,symptomatic,prNSD12,Sierra Nevada
NSH01E-20220511,NSH01-20220511,19123,Event,Sampling,en,https://creativecommons.org/licenses/by/4.0/legalcode.es,"Lasa, A.V.; Fernández-González, A.J.; Villadas, P.J.; Mercado-Blanco, J.; Pérez-Luque, A.J.; Fernández-López, M. (2024). Mediterranean pine forest decline: a matter of root-associated microbiota and climate change. Science of The Total Environment 926: 171858. doi: 10.1016/j.scitotenv.2024.171858",CSIC-EEZ,Root-associated microbiota of decline-affected and asymptomatic Pinus sylvestris trees,DNA extraction from the root endosphere of Pinus sylvestris trees and sequencing of the 16S rRNA gene for bacteria and the fungal ITS2 region for fungi,2022,5,11,Europe,Spain,ES,Granada,Aldeire,Tajo del Águila,37.1353055556,-3.05008333333,37⁰ 08’ 07.1’’ N 03⁰ 03’ 00.3’’ W,1880,Root endosphere of Pinus sylvestris,asymptomatic,prNSH01,Sierra Nevada
NSH01R-20220511,NSH01-20220511,19123,Event,Sampling,en,https://creativecommons.org/licenses/by/4.0/legalcode.es,"Lasa, A.V.; Fernández-González, A.J.; Villadas, P.J.; Mercado-Blanco, J.; Pérez-Luque, A.J.; Fernández-López, M. (2024). Mediterranean pine forest decline: a matter of root-associated microbiota and climate change. Science of The Total Environment 926: 171858. doi: 10.1016/j.scitotenv.2024.171858",CSIC-EEZ,Root-associated microbiota of decline-affected and asymptomatic Pinus sylvestris trees,DNA extraction from the rhizosphere of Pinus sylvestris trees and sequencing of the 16S rRNA gene for bacteria and the fungal ITS2 region for fungi,2022,5,11,Europe,Spain,ES,Granada,Aldeire,Tajo del Águila,37.1353055556,-3.05008333333,37⁰ 08’ 07.1’’ N 03⁰ 03’ 00.3’’ W,1880,Rhizosphere of Pinus sylvestris,asymptomatic,prNSH01,Sierra Nevada
NSH02E-20220511,NSH02-20220511,19123,Event,Sampling,en,https://creativecommons.org/licenses/by/4.0/legalcode.es,"Lasa, A.V.; Fernández-González, A.J.; Villadas, P.J.; Mercado-Blanco, J.; Pérez-Luque, A.J.; Fernández-López, M. (2024). Mediterranean pine forest decline: a matter of root-associated microbiota and climate change. Science of The Total Environment 926: 171858. doi: 10.1016/j.scitotenv.2024.171858",CSIC-EEZ,Root-associated microbiota of decline-affected and asymptomatic Pinus sylvestris trees,DNA extraction from the root endosphere of Pinus sylvestris trees and sequencing of the 16S rRNA gene for bacteria and the fungal ITS2 region for fungi,2022,5,11,Europe,Spain,ES,Granada,Aldeire,Tajo del Águila,37.1353055556,-3.05008333333,37⁰ 08’ 07.1’’ N 03⁰ 03’ 00.3’’ W,1880,Root endosphere of Pinus sylvestris,asymptomatic,prNSH02,Sierra Nevada
NSH02R-20220511,NSH02-20220511,19123,Event,Sampling,en,https://creativecommons.org/licenses/by/4.0/legalcode.es,"Lasa, A.V.; Fernández-González, A.J.; Villadas, P.J.; Mercado-Blanco, J.; Pérez-Luque, A.J.; Fernández-López, M. (2024). Mediterranean pine forest decline: a matter of root-associated microbiota and climate change. Science of The Total Environment 926: 171858. doi: 10.1016/j.scitotenv.2024.171858",CSIC-EEZ,Root-associated microbiota of decline-affected and asymptomatic Pinus sylvestris trees,DNA extraction from the rhizosphere of Pinus sylvestris trees and sequencing of the 16S rRNA gene for bacteria and the fungal ITS2 region for fungi,2022,5,11,Europe,Spain,ES,Granada,Aldeire,Tajo del Águila,37.1353055556,-3.05008333333,37⁰ 08’ 07.1’’ N 03⁰ 03’ 00.3’’ W,1880,Rhizosphere of Pinus sylvestris,asymptomatic,prNSH02,Sierra Nevada
NSH03E-20220511,NSH03-20220511,19123,Event,Sampling,en,https://creativecommons.org/licenses/by/4.0/legalcode.es,"Lasa, A.V.; Fernández-González, A.J.; Villadas, P.J.; Mercado-Blanco, J.; Pérez-Luque, A.J.; Fernández-López, M. (2024). Mediterranean pine forest decline: a matter of root-associated microbiota and climate change. Science of The Total Environment 926: 171858. doi: 10.1016/j.scitotenv.2024.171858",CSIC-EEZ,Root-associated microbiota of decline-affected and asymptomatic Pinus sylvestris trees,DNA extraction from the root endosphere of Pinus sylvestris trees and sequencing of the 16S rRNA gene for bacteria and the fungal ITS2 region for fungi,2022,5,11,Europe,Spain,ES,Granada,Aldeire,Tajo del Águila,37.1353055556,-3.05008333333,37⁰ 08’ 07.1’’ N 03⁰ 03’ 00.3’’ W,1880,Root endosphere of Pinus sylvestris,asymptomatic,prNSH03,Sierra Nevada
NSH03R-20220511,NSH03-20220511,19123,Event,Sampling,en,https://creativecommons.org/licenses/by/4.0/legalcode.es,"Lasa, A.V.; Fernández-González, A.J.; Villadas, P.J.; Mercado-Blanco, J.; Pérez-Luque, A.J.; Fernández-López, M. (2024). Mediterranean pine forest decline: a matter of root-associated microbiota and climate change. Science of The Total Environment 926: 171858. doi: 10.1016/j.scitotenv.2024.171858",CSIC-EEZ,Root-associated microbiota of decline-affected and asymptomatic Pinus sylvestris trees,DNA extraction from the rhizosphere of Pinus sylvestris trees and sequencing of the 16S rRNA gene for bacteria and the fungal ITS2 region for fungi,2022,5,11,Europe,Spain,ES,Granada,Aldeire,Tajo del Águila,37.1353055556,-3.05008333333,37⁰ 08’ 07.1’’ N 03⁰ 03’ 00.3’’ W,1880,Rhizosphere of Pinus sylvestris,asymptomatic,prNSH03,Sierra Nevada
NSH04E-20220511,NSH04-20220511,19123,Event,Sampling,en,https://creativecommons.org/licenses/by/4.0/legalcode.es,"Lasa, A.V.; Fernández-González, A.J.; Villadas, P.J.; Mercado-Blanco, J.; Pérez-Luque, A.J.; Fernández-López, M. (2024). Mediterranean pine forest decline: a matter of root-associated microbiota and climate change. Science of The Total Environment 926: 171858. doi: 10.1016/j.scitotenv.2024.171858",CSIC-EEZ,Root-associated microbiota of decline-affected and asymptomatic Pinus sylvestris trees,DNA extraction from the root endosphere of Pinus sylvestris trees and sequencing of the 16S rRNA gene for bacteria and the fungal ITS2 region for fungi,2022,5,11,Europe,Spain,ES,Granada,Aldeire,Tajo del Águila,37.1353055556,-3.05008333333,37⁰ 08’ 07.1’’ N 03⁰ 03’ 00.3’’ W,1880,Root endosphere of Pinus sylvestris,asymptomatic,prNSH04,Sierra Nevada
NSH04R-20220511,NSH04-20220511,19123,Event,Sampling,en,https://creativecommons.org/licenses/by/4.0/legalcode.es,"Lasa, A.V.; Fernández-González, A.J.; Villadas, P.J.; Mercado-Blanco, J.; Pérez-Luque, A.J.; Fernández-López, M. (2024). Mediterranean pine forest decline: a matter of root-associated microbiota and climate change. Science of The Total Environment 926: 171858. doi: 10.1016/j.scitotenv.2024.171858",CSIC-EEZ,Root-associated microbiota of decline-affected and asymptomatic Pinus sylvestris trees,DNA extraction from the rhizosphere of Pinus sylvestris trees and sequencing of the 16S rRNA gene for bacteria and the fungal ITS2 region for fungi,2022,5,11,Europe,Spain,ES,Granada,Aldeire,Tajo del Águila,37.1353055556,-3.05008333333,37⁰ 08’ 07.1’’ N 03⁰ 03’ 00.3’’ W,1880,Rhizosphere of Pinus sylvestris,asymptomatic,prNSH04,Sierra Nevada
NSH05E-20220511,NSH05-20220511,19123,Event,Sampling,en,https://creativecommons.org/licenses/by/4.0/legalcode.es,"Lasa, A.V.; Fernández-González, A.J.; Villadas, P.J.; Mercado-Blanco, J.; Pérez-Luque, A.J.; Fernández-López, M. (2024). Mediterranean pine forest decline: a matter of root-associated microbiota and climate change. Science of The Total Environment 926: 171858. doi: 10.1016/j.scitotenv.2024.171858",CSIC-EEZ,Root-associated microbiota of decline-affected and asymptomatic Pinus sylvestris trees,DNA extraction from the root endosphere of Pinus sylvestris trees and sequencing of the 16S rRNA gene for bacteria and the fungal ITS2 region for fungi,2022,5,11,Europe,Spain,ES,Granada,Aldeire,Tajo del Águila,37.1353055556,-3.05008333333,37⁰ 08’ 07.1’’ N 03⁰ 03’ 00.3’’ W,1880,Root endosphere of Pinus sylvestris,asymptomatic,prNSH05,Sierra Nevada
NSH05R-20220511,NSH05-20220511,19123,Event,Sampling,en,https://creativecommons.org/licenses/by/4.0/legalcode.es,"Lasa, A.V.; Fernández-González, A.J.; Villadas, P.J.; Mercado-Blanco, J.; Pérez-Luque, A.J.; Fernández-López, M. (2024). Mediterranean pine forest decline: a matter of root-associated microbiota and climate change. Science of The Total Environment 926: 171858. doi: 10.1016/j.scitotenv.2024.171858",CSIC-EEZ,Root-associated microbiota of decline-affected and asymptomatic Pinus sylvestris trees,DNA extraction from the rhizosphere of Pinus sylvestris trees and sequencing of the 16S rRNA gene for bacteria and the fungal ITS2 region for fungi,2022,5,11,Europe,Spain,ES,Granada,Aldeire,Tajo del Águila,37.1353055556,-3.05008333333,37⁰ 08’ 07.1’’ N 03⁰ 03’ 00.3’’ W,1880,Rhizosphere of Pinus sylvestris,asymptomatic,prNSH05,Sierra Nevada
NSH06E-20220511,NSH06-20220511,19123,Event,Sampling,en,https://creativecommons.org/licenses/by/4.0/legalcode.es,"Lasa, A.V.; Fernández-González, A.J.; Villadas, P.J.; Mercado-Blanco, J.; Pérez-Luque, A.J.; Fernández-López, M. (2024). Mediterranean pine forest decline: a matter of root-associated microbiota and climate change. Science of The Total Environment 926: 171858. doi: 10.1016/j.scitotenv.2024.171858",CSIC-EEZ,Root-associated microbiota of decline-affected and asymptomatic Pinus sylvestris trees,DNA extraction from the root endosphere of Pinus sylvestris trees and sequencing of the 16S rRNA gene for bacteria and the fungal ITS2 region for fungi,2022,5,11,Europe,Spain,ES,Granada,Aldeire,Tajo del Águila,37.1353055556,-3.05008333333,37⁰ 08’ 07.1’’ N 03⁰ 03’ 00.3’’ W,1880,Root endosphere of Pinus sylvestris,asymptomatic,prNSH06,Sierra Nevada
NSH06R-20220511,NSH06-20220511,19123,Event,Sampling,en,https://creativecommons.org/licenses/by/4.0/legalcode.es,"Lasa, A.V.; Fernández-González, A.J.; Villadas, P.J.; Mercado-Blanco, J.; Pérez-Luque, A.J.; Fernández-López, M. (2024). Mediterranean pine forest decline: a matter of root-associated microbiota and climate change. Science of The Total Environment 926: 171858. doi: 10.1016/j.scitotenv.2024.171858",CSIC-EEZ,Root-associated microbiota of decline-affected and asymptomatic Pinus sylvestris trees,DNA extraction from the rhizosphere of Pinus sylvestris trees and sequencing of the 16S rRNA gene for bacteria and the fungal ITS2 region for fungi,2022,5,11,Europe,Spain,ES,Granada,Aldeire,Tajo del Águila,37.1353055556,-3.05008333333,37⁰ 08’ 07.1’’ N 03⁰ 03’ 00.3’’ W,1880,Rhizosphere of Pinus sylvestris,asymptomatic,prNSH06,Sierra Nevada
NSH07E-20220511,NSH07-20220511,19123,Event,Sampling,en,https://creativecommons.org/licenses/by/4.0/legalcode.es,"Lasa, A.V.; Fernández-González, A.J.; Villadas, P.J.; Mercado-Blanco, J.; Pérez-Luque, A.J.; Fernández-López, M. (2024). Mediterranean pine forest decline: a matter of root-associated microbiota and climate change. Science of The Total Environment 926: 171858. doi: 10.1016/j.scitotenv.2024.171858",CSIC-EEZ,Root-associated microbiota of decline-affected and asymptomatic Pinus sylvestris trees,DNA extraction from the root endosphere of Pinus sylvestris trees and sequencing of the 16S rRNA gene for bacteria and the fungal ITS2 region for fungi,2022,5,11,Europe,Spain,ES,Granada,Aldeire,Tajo del Águila,37.1353055556,-3.05008333333,37⁰ 08’ 07.1’’ N 03⁰ 03’ 00.3’’ W,1880,Root endosphere of Pinus sylvestris,asymptomatic,prNSH07,Sierra Nevada
NSH07R-20220511,NSH07-20220511,19123,Event,Sampling,en,https://creativecommons.org/licenses/by/4.0/legalcode.es,"Lasa, A.V.; Fernández-González, A.J.; Villadas, P.J.; Mercado-Blanco, J.; Pérez-Luque, A.J.; Fernández-López, M. (2024). Mediterranean pine forest decline: a matter of root-associated microbiota and climate change. Science of The Total Environment 926: 171858. doi: 10.1016/j.scitotenv.2024.171858",CSIC-EEZ,Root-associated microbiota of decline-affected and asymptomatic Pinus sylvestris trees,DNA extraction from the rhizosphere of Pinus sylvestris trees and sequencing of the 16S rRNA gene for bacteria and the fungal ITS2 region for fungi,2022,5,11,Europe,Spain,ES,Granada,Aldeire,Tajo del Águila,37.1353055556,-3.05008333333,37⁰ 08’ 07.1’’ N 03⁰ 03’ 00.3’’ W,1880,Rhizosphere of Pinus sylvestris,asymptomatic,prNSH07,Sierra Nevada
NSH08E-20220511,NSH08-20220511,19123,Event,Sampling,en,https://creativecommons.org/licenses/by/4.0/legalcode.es,"Lasa, A.V.; Fernández-González, A.J.; Villadas, P.J.; Mercado-Blanco, J.; Pérez-Luque, A.J.; Fernández-López, M. (2024). Mediterranean pine forest decline: a matter of root-associated microbiota and climate change. Science of The Total Environment 926: 171858. doi: 10.1016/j.scitotenv.2024.171858",CSIC-EEZ,Root-associated microbiota of decline-affected and asymptomatic Pinus sylvestris trees,DNA extraction from the root endosphere of Pinus sylvestris trees and sequencing of the 16S rRNA gene for bacteria and the fungal ITS2 region for fungi,2022,5,11,Europe,Spain,ES,Granada,Aldeire,Tajo del Águila,37.1353055556,-3.05008333333,37⁰ 08’ 07.1’’ N 03⁰ 03’ 00.3’’ W,1880,Root endosphere of Pinus sylvestris,asymptomatic,prNSH08,Sierra Nevada
NSH08R-20220511,NSH08-20220511,19123,Event,Sampling,en,https://creativecommons.org/licenses/by/4.0/legalcode.es,"Lasa, A.V.; Fernández-González, A.J.; Villadas, P.J.; Mercado-Blanco, J.; Pérez-Luque, A.J.; Fernández-López, M. (2024). Mediterranean pine forest decline: a matter of root-associated microbiota and climate change. Science of The Total Environment 926: 171858. doi: 10.1016/j.scitotenv.2024.171858",CSIC-EEZ,Root-associated microbiota of decline-affected and asymptomatic Pinus sylvestris trees,DNA extraction from the rhizosphere of Pinus sylvestris trees and sequencing of the 16S rRNA gene for bacteria and the fungal ITS2 region for fungi,2022,5,11,Europe,Spain,ES,Granada,Aldeire,Tajo del Águila,37.1353055556,-3.05008333333,37⁰ 08’ 07.1’’ N 03⁰ 03’ 00.3’’ W,1880,Rhizosphere of Pinus sylvestris,asymptomatic,prNSH08,Sierra Nevada
NSH09E-20220511,NSH09-20220511,19123,Event,Sampling,en,https://creativecommons.org/licenses/by/4.0/legalcode.es,"Lasa, A.V.; Fernández-González, A.J.; Villadas, P.J.; Mercado-Blanco, J.; Pérez-Luque, A.J.; Fernández-López, M. (2024). Mediterranean pine forest decline: a matter of root-associated microbiota and climate change. Science of The Total Environment 926: 171858. doi: 10.1016/j.scitotenv.2024.171858",CSIC-EEZ,Root-associated microbiota of decline-affected and asymptomatic Pinus sylvestris trees,DNA extraction from the root endosphere of Pinus sylvestris trees and sequencing of the 16S rRNA gene for bacteria and the fungal ITS2 region for fungi,2022,5,11,Europe,Spain,ES,Granada,Aldeire,Tajo del Águila,37.1353055556,-3.05008333333,37⁰ 08’ 07.1’’ N 03⁰ 03’ 00.3’’ W,1880,Root endosphere of Pinus sylvestris,asymptomatic,prNSH09,Sierra Nevada
NSH09R-20220511,NSH09-20220511,19123,Event,Sampling,en,https://creativecommons.org/licenses/by/4.0/legalcode.es,"Lasa, A.V.; Fernández-González, A.J.; Villadas, P.J.; Mercado-Blanco, J.; Pérez-Luque, A.J.; Fernández-López, M. (2024). Mediterranean pine forest decline: a matter of root-associated microbiota and climate change. Science of The Total Environment 926: 171858. doi: 10.1016/j.scitotenv.2024.171858",CSIC-EEZ,Root-associated microbiota of decline-affected and asymptomatic Pinus sylvestris trees,DNA extraction from the rhizosphere of Pinus sylvestris trees and sequencing of the 16S rRNA gene for bacteria and the fungal ITS2 region for fungi,2022,5,11,Europe,Spain,ES,Granada,Aldeire,Tajo del Águila,37.1353055556,-3.05008333333,37⁰ 08’ 07.1’’ N 03⁰ 03’ 00.3’’ W,1880,Rhizosphere of Pinus sylvestris,asymptomatic,prNSH09,Sierra Nevada
NSH10E-20220511,NSH10-20220511,19123,Event,Sampling,en,https://creativecommons.org/licenses/by/4.0/legalcode.es,"Lasa, A.V.; Fernández-González, A.J.; Villadas, P.J.; Mercado-Blanco, J.; Pérez-Luque, A.J.; Fernández-López, M. (2024). Mediterranean pine forest decline: a matter of root-associated microbiota and climate change. Science of The Total Environment 926: 171858. doi: 10.1016/j.scitotenv.2024.171858",CSIC-EEZ,Root-associated microbiota of decline-affected and asymptomatic Pinus sylvestris trees,DNA extraction from the root endosphere of Pinus sylvestris trees and sequencing of the 16S rRNA gene for bacteria and the fungal ITS2 region for fungi,2022,5,11,Europe,Spain,ES,Granada,Aldeire,Tajo del Águila,37.1353055556,-3.05008333333,37⁰ 08’ 07.1’’ N 03⁰ 03’ 00.3’’ W,1880,Root endosphere of Pinus sylvestris,asymptomatic,prNSH10,Sierra Nevada
NSH10R-20220511,NSH10-20220511,19123,Event,Sampling,en,https://creativecommons.org/licenses/by/4.0/legalcode.es,"Lasa, A.V.; Fernández-González, A.J.; Villadas, P.J.; Mercado-Blanco, J.; Pérez-Luque, A.J.; Fernández-López, M. (2024). Mediterranean pine forest decline: a matter of root-associated microbiota and climate change. Science of The Total Environment 926: 171858. doi: 10.1016/j.scitotenv.2024.171858",CSIC-EEZ,Root-associated microbiota of decline-affected and asymptomatic Pinus sylvestris trees,DNA extraction from the rhizosphere of Pinus sylvestris trees and sequencing of the 16S rRNA gene for bacteria and the fungal ITS2 region for fungi,2022,5,11,Europe,Spain,ES,Granada,Aldeire,Tajo del Águila,37.1353055556,-3.05008333333,37⁰ 08’ 07.1’’ N 03⁰ 03’ 00.3’’ W,1880,Rhizosphere of Pinus sylvestris,asymptomatic,prNSH10,Sierra Nevada
NSH11E-20220511,NSH11-20220511,19123,Event,Sampling,en,https://creativecommons.org/licenses/by/4.0/legalcode.es,"Lasa, A.V.; Fernández-González, A.J.; Villadas, P.J.; Mercado-Blanco, J.; Pérez-Luque, A.J.; Fernández-López, M. (2024). Mediterranean pine forest decline: a matter of root-associated microbiota and climate change. Science of The Total Environment 926: 171858. doi: 10.1016/j.scitotenv.2024.171858",CSIC-EEZ,Root-associated microbiota of decline-affected and asymptomatic Pinus sylvestris trees,DNA extraction from the root endosphere of Pinus sylvestris trees and sequencing of the 16S rRNA gene for bacteria and the fungal ITS2 region for fungi,2022,5,11,Europe,Spain,ES,Granada,Aldeire,Tajo del Águila,37.1353055556,-3.05008333333,37⁰ 08’ 07.1’’ N 03⁰ 03’ 00.3’’ W,1880,Root endosphere of Pinus sylvestris,asymptomatic,prNSH11,Sierra Nevada
NSH11R-20220511,NSH11-20220511,19123,Event,Sampling,en,https://creativecommons.org/licenses/by/4.0/legalcode.es,"Lasa, A.V.; Fernández-González, A.J.; Villadas, P.J.; Mercado-Blanco, J.; Pérez-Luque, A.J.; Fernández-López, M. (2024). Mediterranean pine forest decline: a matter of root-associated microbiota and climate change. Science of The Total Environment 926: 171858. doi: 10.1016/j.scitotenv.2024.171858",CSIC-EEZ,Root-associated microbiota of decline-affected and asymptomatic Pinus sylvestris trees,DNA extraction from the rhizosphere of Pinus sylvestris trees and sequencing of the 16S rRNA gene for bacteria and the fungal ITS2 region for fungi,2022,5,11,Europe,Spain,ES,Granada,Aldeire,Tajo del Águila,37.1353055556,-3.05008333333,37⁰ 08’ 07.1’’ N 03⁰ 03’ 00.3’’ W,1880,Rhizosphere of Pinus sylvestris,asymptomatic,prNSH11,Sierra Nevada
NSH12E-20220511,NSH12-20220511,19123,Event,Sampling,en,https://creativecommons.org/licenses/by/4.0/legalcode.es,"Lasa, A.V.; Fernández-González, A.J.; Villadas, P.J.; Mercado-Blanco, J.; Pérez-Luque, A.J.; Fernández-López, M. (2024). Mediterranean pine forest decline: a matter of root-associated microbiota and climate change. Science of The Total Environment 926: 171858. doi: 10.1016/j.scitotenv.2024.171858",CSIC-EEZ,Root-associated microbiota of decline-affected and asymptomatic Pinus sylvestris trees,DNA extraction from the root endosphere of Pinus sylvestris trees and sequencing of the 16S rRNA gene for bacteria and the fungal ITS2 region for fungi,2022,5,11,Europe,Spain,ES,Granada,Aldeire,Tajo del Águila,37.1353055556,-3.05008333333,37⁰ 08’ 07.1’’ N 03⁰ 03’ 00.3’’ W,1880,Root endosphere of Pinus sylvestris,asymptomatic,prNSH12,Sierra Nevada
NSH12R-20220511,NSH12-20220511,19123,Event,Sampling,en,https://creativecommons.org/licenses/by/4.0/legalcode.es,"Lasa, A.V.; Fernández-González, A.J.; Villadas, P.J.; Mercado-Blanco, J.; Pérez-Luque, A.J.; Fernández-López, M. (2024). Mediterranean pine forest decline: a matter of root-associated microbiota and climate change. Science of The Total Environment 926: 171858. doi: 10.1016/j.scitotenv.2024.171858",CSIC-EEZ,Root-associated microbiota of decline-affected and asymptomatic Pinus sylvestris trees,DNA extraction from the rhizosphere of Pinus sylvestris trees and sequencing of the 16S rRNA gene for bacteria and the fungal ITS2 region for fungi,2022,5,11,Europe,Spain,ES,Granada,Aldeire,Tajo del Águila,37.1353055556,-3.05008333333,37⁰ 08’ 07.1’’ N 03⁰ 03’ 00.3’’ W,1880,Rhizosphere of Pinus sylvestris,asymptomatic,prNSH12,Sierra Nevada
ASH01E-20220710,ASH01-20220710,19183,Event,Sampling,en,https://creativecommons.org/licenses/by/4.0/legalcode.es,"Lasa, A.V.; Fernández-González, A.J.; Villadas, P.J.; Mercado-Blanco, J.; Pérez-Luque, A.J.; Fernández-López, M. (2024). Mediterranean pine forest decline: a matter of root-associated microbiota and climate change. Science of The Total Environment 926: 171858. doi: 10.1016/j.scitotenv.2024.171858",CSIC-EEZ,Root-associated microbiota of decline-affected and asymptomatic Pinus sylvestris trees,DNA extraction from the root endosphere of Pinus sylvestris trees and sequencing of the 16S rRNA gene for bacteria and the fungal ITS2 region for fungi,2022,7,12,Europe,Spain,ES,Granada,Alhama de Granada,Cuerda Granada al puerto de Cómpeta,36.8813888889,-3.92538888889,36⁰ 52’ 53’’ N 03⁰ 55’ 31.4’’ W,1510,Root endosphere of Pinus sylvestris,asymptomatic,vASH01,Sierra de Almijara
ASH01R-20220710,ASH01-20220710,19183,Event,Sampling,en,https://creativecommons.org/licenses/by/4.0/legalcode.es,"Lasa, A.V.; Fernández-González, A.J.; Villadas, P.J.; Mercado-Blanco, J.; Pérez-Luque, A.J.; Fernández-López, M. (2024). Mediterranean pine forest decline: a matter of root-associated microbiota and climate change. Science of The Total Environment 926: 171858. doi: 10.1016/j.scitotenv.2024.171858",CSIC-EEZ,Root-associated microbiota of decline-affected and asymptomatic Pinus sylvestris trees,DNA extraction from the rhizosphere of Pinus sylvestris trees and sequencing of the 16S rRNA gene for bacteria and the fungal ITS2 region for fungi,2022,7,12,Europe,Spain,ES,Granada,Alhama de Granada,Cuerda Granada al puerto de Cómpeta,36.8813888889,-3.92538888889,36⁰ 52’ 53’’ N 03⁰ 55’ 31.4’’ W,1510,Rhizosphere of Pinus sylvestris,asymptomatic,vASH01,Sierra de Almijara
ASH02E-20220710,ASH02-20220710,19183,Event,Sampling,en,https://creativecommons.org/licenses/by/4.0/legalcode.es,"Lasa, A.V.; Fernández-González, A.J.; Villadas, P.J.; Mercado-Blanco, J.; Pérez-Luque, A.J.; Fernández-López, M. (2024). Mediterranean pine forest decline: a matter of root-associated microbiota and climate change. Science of The Total Environment 926: 171858. doi: 10.1016/j.scitotenv.2024.171858",CSIC-EEZ,Root-associated microbiota of decline-affected and asymptomatic Pinus sylvestris trees,DNA extraction from the root endosphere of Pinus sylvestris trees and sequencing of the 16S rRNA gene for bacteria and the fungal ITS2 region for fungi,2022,7,12,Europe,Spain,ES,Granada,Alhama de Granada,Cuerda Granada al puerto de Cómpeta,36.8813888889,-3.92538888889,36⁰ 52’ 53’’ N 03⁰ 55’ 31.4’’ W,1510,Root endosphere of Pinus sylvestris,asymptomatic,vASH02,Sierra de Almijara
ASH02R-20220710,ASH02-20220710,19183,Event,Sampling,en,https://creativecommons.org/licenses/by/4.0/legalcode.es,"Lasa, A.V.; Fernández-González, A.J.; Villadas, P.J.; Mercado-Blanco, J.; Pérez-Luque, A.J.; Fernández-López, M. (2024). Mediterranean pine forest decline: a matter of root-associated microbiota and climate change. Science of The Total Environment 926: 171858. doi: 10.1016/j.scitotenv.2024.171858",CSIC-EEZ,Root-associated microbiota of decline-affected and asymptomatic Pinus sylvestris trees,DNA extraction from the rhizosphere of Pinus sylvestris trees and sequencing of the 16S rRNA gene for bacteria and the fungal ITS2 region for fungi,2022,7,12,Europe,Spain,ES,Granada,Alhama de Granada,Cuerda Granada al puerto de Cómpeta,36.8813888889,-3.92538888889,36⁰ 52’ 53’’ N 03⁰ 55’ 31.4’’ W,1510,Rhizosphere of Pinus sylvestris,asymptomatic,vASH02,Sierra de Almijara
ASH03E-20220710,ASH03-20220710,19183,Event,Sampling,en,https://creativecommons.org/licenses/by/4.0/legalcode.es,"Lasa, A.V.; Fernández-González, A.J.; Villadas, P.J.; Mercado-Blanco, J.; Pérez-Luque, A.J.; Fernández-López, M. (2024). Mediterranean pine forest decline: a matter of root-associated microbiota and climate change. Science of The Total Environment 926: 171858. doi: 10.1016/j.scitotenv.2024.171858",CSIC-EEZ,Root-associated microbiota of decline-affected and asymptomatic Pinus sylvestris trees,DNA extraction from the root endosphere of Pinus sylvestris trees and sequencing of the 16S rRNA gene for bacteria and the fungal ITS2 region for fungi,2022,7,12,Europe,Spain,ES,Granada,Alhama de Granada,Cuerda Granada al puerto de Cómpeta,36.8813888889,-3.92538888889,36⁰ 52’ 53’’ N 03⁰ 55’ 31.4’’ W,1510,Root endosphere of Pinus sylvestris,asymptomatic,vASH03,Sierra de Almijara
ASH03R-20220710,ASH03-20220710,19183,Event,Sampling,en,https://creativecommons.org/licenses/by/4.0/legalcode.es,"Lasa, A.V.; Fernández-González, A.J.; Villadas, P.J.; Mercado-Blanco, J.; Pérez-Luque, A.J.; Fernández-López, M. (2024). Mediterranean pine forest decline: a matter of root-associated microbiota and climate change. Science of The Total Environment 926: 171858. doi: 10.1016/j.scitotenv.2024.171858",CSIC-EEZ,Root-associated microbiota of decline-affected and asymptomatic Pinus sylvestris trees,DNA extraction from the rhizosphere of Pinus sylvestris trees and sequencing of the 16S rRNA gene for bacteria and the fungal ITS2 region for fungi,2022,7,12,Europe,Spain,ES,Granada,Alhama de Granada,Cuerda Granada al puerto de Cómpeta,36.8813888889,-3.92538888889,36⁰ 52’ 53’’ N 03⁰ 55’ 31.4’’ W,1510,Rhizosphere of Pinus sylvestris,asymptomatic,vASH03,Sierra de Almijara
ASH04E-20220710,ASH04-20220710,19183,Event,Sampling,en,https://creativecommons.org/licenses/by/4.0/legalcode.es,"Lasa, A.V.; Fernández-González, A.J.; Villadas, P.J.; Mercado-Blanco, J.; Pérez-Luque, A.J.; Fernández-López, M. (2024). Mediterranean pine forest decline: a matter of root-associated microbiota and climate change. Science of The Total Environment 926: 171858. doi: 10.1016/j.scitotenv.2024.171858",CSIC-EEZ,Root-associated microbiota of decline-affected and asymptomatic Pinus sylvestris trees,DNA extraction from the root endosphere of Pinus sylvestris trees and sequencing of the 16S rRNA gene for bacteria and the fungal ITS2 region for fungi,2022,7,12,Europe,Spain,ES,Granada,Alhama de Granada,Cuerda Granada al puerto de Cómpeta,36.8813888889,-3.92538888889,36⁰ 52’ 53’’ N 03⁰ 55’ 31.4’’ W,1510,Root endosphere of Pinus sylvestris,asymptomatic,vASH04,Sierra de Almijara
ASH04R-20220710,ASH04-20220710,19183,Event,Sampling,en,https://creativecommons.org/licenses/by/4.0/legalcode.es,"Lasa, A.V.; Fernández-González, A.J.; Villadas, P.J.; Mercado-Blanco, J.; Pérez-Luque, A.J.; Fernández-López, M. (2024). Mediterranean pine forest decline: a matter of root-associated microbiota and climate change. Science of The Total Environment 926: 171858. doi: 10.1016/j.scitotenv.2024.171858",CSIC-EEZ,Root-associated microbiota of decline-affected and asymptomatic Pinus sylvestris trees,DNA extraction from the rhizosphere of Pinus sylvestris trees and sequencing of the 16S rRNA gene for bacteria and the fungal ITS2 region for fungi,2022,7,12,Europe,Spain,ES,Granada,Alhama de Granada,Cuerda Granada al puerto de Cómpeta,36.8813888889,-3.92538888889,36⁰ 52’ 53’’ N 03⁰ 55’ 31.4’’ W,1510,Rhizosphere of Pinus sylvestris,asymptomatic,vASH04,Sierra de Almijara
ASH05E-20220710,ASH05-20220710,19183,Event,Sampling,en,https://creativecommons.org/licenses/by/4.0/legalcode.es,"Lasa, A.V.; Fernández-González, A.J.; Villadas, P.J.; Mercado-Blanco, J.; Pérez-Luque, A.J.; Fernández-López, M. (2024). Mediterranean pine forest decline: a matter of root-associated microbiota and climate change. Science of The Total Environment 926: 171858. doi: 10.1016/j.scitotenv.2024.171858",CSIC-EEZ,Root-associated microbiota of decline-affected and asymptomatic Pinus sylvestris trees,DNA extraction from the root endosphere of Pinus sylvestris trees and sequencing of the 16S rRNA gene for bacteria and the fungal ITS2 region for fungi,2022,7,12,Europe,Spain,ES,Granada,Alhama de Granada,Cuerda Granada al puerto de Cómpeta,36.8813888889,-3.92538888889,36⁰ 52’ 53’’ N 03⁰ 55’ 31.4’’ W,1510,Root endosphere of Pinus sylvestris,asymptomatic,vASH05,Sierra de Almijara
ASH05R-20220710,ASH05-20220710,19183,Event,Sampling,en,https://creativecommons.org/licenses/by/4.0/legalcode.es,"Lasa, A.V.; Fernández-González, A.J.; Villadas, P.J.; Mercado-Blanco, J.; Pérez-Luque, A.J.; Fernández-López, M. (2024). Mediterranean pine forest decline: a matter of root-associated microbiota and climate change. Science of The Total Environment 926: 171858. doi: 10.1016/j.scitotenv.2024.171858",CSIC-EEZ,Root-associated microbiota of decline-affected and asymptomatic Pinus sylvestris trees,DNA extraction from the rhizosphere of Pinus sylvestris trees and sequencing of the 16S rRNA gene for bacteria and the fungal ITS2 region for fungi,2022,7,12,Europe,Spain,ES,Granada,Alhama de Granada,Cuerda Granada al puerto de Cómpeta,36.8813888889,-3.92538888889,36⁰ 52’ 53’’ N 03⁰ 55’ 31.4’’ W,1510,Rhizosphere of Pinus sylvestris,asymptomatic,vASH05,Sierra de Almijara
ASH06E-20220710,ASH06-20220710,19183,Event,Sampling,en,https://creativecommons.org/licenses/by/4.0/legalcode.es,"Lasa, A.V.; Fernández-González, A.J.; Villadas, P.J.; Mercado-Blanco, J.; Pérez-Luque, A.J.; Fernández-López, M. (2024). Mediterranean pine forest decline: a matter of root-associated microbiota and climate change. Science of The Total Environment 926: 171858. doi: 10.1016/j.scitotenv.2024.171858",CSIC-EEZ,Root-associated microbiota of decline-affected and asymptomatic Pinus sylvestris trees,DNA extraction from the root endosphere of Pinus sylvestris trees and sequencing of the 16S rRNA gene for bacteria and the fungal ITS2 region for fungi,2022,7,12,Europe,Spain,ES,Granada,Alhama de Granada,Cuerda Granada al puerto de Cómpeta,36.8813888889,-3.92538888889,36⁰ 52’ 53’’ N 03⁰ 55’ 31.4’’ W,1510,Root endosphere of Pinus sylvestris,asymptomatic,vASH06,Sierra de Almijara
ASH06R-20220710,ASH06-20220710,19183,Event,Sampling,en,https://creativecommons.org/licenses/by/4.0/legalcode.es,"Lasa, A.V.; Fernández-González, A.J.; Villadas, P.J.; Mercado-Blanco, J.; Pérez-Luque, A.J.; Fernández-López, M. (2024). Mediterranean pine forest decline: a matter of root-associated microbiota and climate change. Science of The Total Environment 926: 171858. doi: 10.1016/j.scitotenv.2024.171858",CSIC-EEZ,Root-associated microbiota of decline-affected and asymptomatic Pinus sylvestris trees,DNA extraction from the rhizosphere of Pinus sylvestris trees and sequencing of the 16S rRNA gene for bacteria and the fungal ITS2 region for fungi,2022,7,12,Europe,Spain,ES,Granada,Alhama de Granada,Cuerda Granada al puerto de Cómpeta,36.8813888889,-3.92538888889,36⁰ 52’ 53’’ N 03⁰ 55’ 31.4’’ W,1510,Rhizosphere of Pinus sylvestris,asymptomatic,vASH06,Sierra de Almijara
ASH07E-20220710,ASH07-20220710,19183,Event,Sampling,en,https://creativecommons.org/licenses/by/4.0/legalcode.es,"Lasa, A.V.; Fernández-González, A.J.; Villadas, P.J.; Mercado-Blanco, J.; Pérez-Luque, A.J.; Fernández-López, M. (2024). Mediterranean pine forest decline: a matter of root-associated microbiota and climate change. Science of The Total Environment 926: 171858. doi: 10.1016/j.scitotenv.2024.171858",CSIC-EEZ,Root-associated microbiota of decline-affected and asymptomatic Pinus sylvestris trees,DNA extraction from the root endosphere of Pinus sylvestris trees and sequencing of the 16S rRNA gene for bacteria and the fungal ITS2 region for fungi,2022,7,12,Europe,Spain,ES,Granada,Alhama de Granada,Cuerda Granada al puerto de Cómpeta,36.8813888889,-3.92538888889,36⁰ 52’ 53’’ N 03⁰ 55’ 31.4’’ W,1510,Root endosphere of Pinus sylvestris,asymptomatic,vASH07,Sierra de Almijara
ASH07R-20220710,ASH07-20220710,19183,Event,Sampling,en,https://creativecommons.org/licenses/by/4.0/legalcode.es,"Lasa, A.V.; Fernández-González, A.J.; Villadas, P.J.; Mercado-Blanco, J.; Pérez-Luque, A.J.; Fernández-López, M. (2024). Mediterranean pine forest decline: a matter of root-associated microbiota and climate change. Science of The Total Environment 926: 171858. doi: 10.1016/j.scitotenv.2024.171858",CSIC-EEZ,Root-associated microbiota of decline-affected and asymptomatic Pinus sylvestris trees,DNA extraction from the rhizosphere of Pinus sylvestris trees and sequencing of the 16S rRNA gene for bacteria and the fungal ITS2 region for fungi,2022,7,12,Europe,Spain,ES,Granada,Alhama de Granada,Cuerda Granada al puerto de Cómpeta,36.8813888889,-3.92538888889,36⁰ 52’ 53’’ N 03⁰ 55’ 31.4’’ W,1510,Rhizosphere of Pinus sylvestris,asymptomatic,vASH07,Sierra de Almijara
ASH08E-20220710,ASH08-20220710,19183,Event,Sampling,en,https://creativecommons.org/licenses/by/4.0/legalcode.es,"Lasa, A.V.; Fernández-González, A.J.; Villadas, P.J.; Mercado-Blanco, J.; Pérez-Luque, A.J.; Fernández-López, M. (2024). Mediterranean pine forest decline: a matter of root-associated microbiota and climate change. Science of The Total Environment 926: 171858. doi: 10.1016/j.scitotenv.2024.171858",CSIC-EEZ,Root-associated microbiota of decline-affected and asymptomatic Pinus sylvestris trees,DNA extraction from the root endosphere of Pinus sylvestris trees and sequencing of the 16S rRNA gene for bacteria and the fungal ITS2 region for fungi,2022,7,12,Europe,Spain,ES,Granada,Alhama de Granada,Cuerda Granada al puerto de Cómpeta,36.8813888889,-3.92538888889,36⁰ 52’ 53’’ N 03⁰ 55’ 31.4’’ W,1510,Root endosphere of Pinus sylvestris,asymptomatic,vASH08,Sierra de Almijara
ASH08R-20220710,ASH08-20220710,19183,Event,Sampling,en,https://creativecommons.org/licenses/by/4.0/legalcode.es,"Lasa, A.V.; Fernández-González, A.J.; Villadas, P.J.; Mercado-Blanco, J.; Pérez-Luque, A.J.; Fernández-López, M. (2024). Mediterranean pine forest decline: a matter of root-associated microbiota and climate change. Science of The Total Environment 926: 171858. doi: 10.1016/j.scitotenv.2024.171858",CSIC-EEZ,Root-associated microbiota of decline-affected and asymptomatic Pinus sylvestris trees,DNA extraction from the rhizosphere of Pinus sylvestris trees and sequencing of the 16S rRNA gene for bacteria and the fungal ITS2 region for fungi,2022,7,12,Europe,Spain,ES,Granada,Alhama de Granada,Cuerda Granada al puerto de Cómpeta,36.8813888889,-3.92538888889,36⁰ 52’ 53’’ N 03⁰ 55’ 31.4’’ W,1510,Rhizosphere of Pinus sylvestris,asymptomatic,vASH08,Sierra de Almijara
ASH09E-20220710,ASH09-20220710,19183,Event,Sampling,en,https://creativecommons.org/licenses/by/4.0/legalcode.es,"Lasa, A.V.; Fernández-González, A.J.; Villadas, P.J.; Mercado-Blanco, J.; Pérez-Luque, A.J.; Fernández-López, M. (2024). Mediterranean pine forest decline: a matter of root-associated microbiota and climate change. Science of The Total Environment 926: 171858. doi: 10.1016/j.scitotenv.2024.171858",CSIC-EEZ,Root-associated microbiota of decline-affected and asymptomatic Pinus sylvestris trees,DNA extraction from the root endosphere of Pinus sylvestris trees and sequencing of the 16S rRNA gene for bacteria and the fungal ITS2 region for fungi,2022,7,12,Europe,Spain,ES,Granada,Alhama de Granada,Cuerda Granada al puerto de Cómpeta,36.8813888889,-3.92538888889,36⁰ 52’ 53’’ N 03⁰ 55’ 31.4’’ W,1510,Root endosphere of Pinus sylvestris,asymptomatic,vASH09,Sierra de Almijara
ASH09R-20220710,ASH09-20220710,19183,Event,Sampling,en,https://creativecommons.org/licenses/by/4.0/legalcode.es,"Lasa, A.V.; Fernández-González, A.J.; Villadas, P.J.; Mercado-Blanco, J.; Pérez-Luque, A.J.; Fernández-López, M. (2024). Mediterranean pine forest decline: a matter of root-associated microbiota and climate change. Science of The Total Environment 926: 171858. doi: 10.1016/j.scitotenv.2024.171858",CSIC-EEZ,Root-associated microbiota of decline-affected and asymptomatic Pinus sylvestris trees,DNA extraction from the rhizosphere of Pinus sylvestris trees and sequencing of the 16S rRNA gene for bacteria and the fungal ITS2 region for fungi,2022,7,12,Europe,Spain,ES,Granada,Alhama de Granada,Cuerda Granada al puerto de Cómpeta,36.8813888889,-3.92538888889,36⁰ 52’ 53’’ N 03⁰ 55’ 31.4’’ W,1510,Rhizosphere of Pinus sylvestris,asymptomatic,vASH09,Sierra de Almijara
ASH10E-20220710,ASH10-20220710,19183,Event,Sampling,en,https://creativecommons.org/licenses/by/4.0/legalcode.es,"Lasa, A.V.; Fernández-González, A.J.; Villadas, P.J.; Mercado-Blanco, J.; Pérez-Luque, A.J.; Fernández-López, M. (2024). Mediterranean pine forest decline: a matter of root-associated microbiota and climate change. Science of The Total Environment 926: 171858. doi: 10.1016/j.scitotenv.2024.171858",CSIC-EEZ,Root-associated microbiota of decline-affected and asymptomatic Pinus sylvestris trees,DNA extraction from the root endosphere of Pinus sylvestris trees and sequencing of the 16S rRNA gene for bacteria and the fungal ITS2 region for fungi,2022,7,12,Europe,Spain,ES,Granada,Alhama de Granada,Cuerda Granada al puerto de Cómpeta,36.8813888889,-3.92538888889,36⁰ 52’ 53’’ N 03⁰ 55’ 31.4’’ W,1510,Root endosphere of Pinus sylvestris,asymptomatic,vASH10,Sierra de Almijara
ASH10R-20220710,ASH10-20220710,19183,Event,Sampling,en,https://creativecommons.org/licenses/by/4.0/legalcode.es,"Lasa, A.V.; Fernández-González, A.J.; Villadas, P.J.; Mercado-Blanco, J.; Pérez-Luque, A.J.; Fernández-López, M. (2024). Mediterranean pine forest decline: a matter of root-associated microbiota and climate change. Science of The Total Environment 926: 171858. doi: 10.1016/j.scitotenv.2024.171858",CSIC-EEZ,Root-associated microbiota of decline-affected and asymptomatic Pinus sylvestris trees,DNA extraction from the rhizosphere of Pinus sylvestris trees and sequencing of the 16S rRNA gene for bacteria and the fungal ITS2 region for fungi,2022,7,12,Europe,Spain,ES,Granada,Alhama de Granada,Cuerda Granada al puerto de Cómpeta,36.8813888889,-3.92538888889,36⁰ 52’ 53’’ N 03⁰ 55’ 31.4’’ W,1510,Rhizosphere of Pinus sylvestris,asymptomatic,vASH10,Sierra de Almijara
ASH11E-20220710,ASH11-20220710,19183,Event,Sampling,en,https://creativecommons.org/licenses/by/4.0/legalcode.es,"Lasa, A.V.; Fernández-González, A.J.; Villadas, P.J.; Mercado-Blanco, J.; Pérez-Luque, A.J.; Fernández-López, M. (2024). Mediterranean pine forest decline: a matter of root-associated microbiota and climate change. Science of The Total Environment 926: 171858. doi: 10.1016/j.scitotenv.2024.171858",CSIC-EEZ,Root-associated microbiota of decline-affected and asymptomatic Pinus sylvestris trees,DNA extraction from the root endosphere of Pinus sylvestris trees and sequencing of the 16S rRNA gene for bacteria and the fungal ITS2 region for fungi,2022,7,12,Europe,Spain,ES,Granada,Alhama de Granada,Cuerda Granada al puerto de Cómpeta,36.8813888889,-3.92538888889,36⁰ 52’ 53’’ N 03⁰ 55’ 31.4’’ W,1510,Root endosphere of Pinus sylvestris,asymptomatic,vASH11,Sierra de Almijara
ASH11R-20220710,ASH11-20220710,19183,Event,Sampling,en,https://creativecommons.org/licenses/by/4.0/legalcode.es,"Lasa, A.V.; Fernández-González, A.J.; Villadas, P.J.; Mercado-Blanco, J.; Pérez-Luque, A.J.; Fernández-López, M. (2024). Mediterranean pine forest decline: a matter of root-associated microbiota and climate change. Science of The Total Environment 926: 171858. doi: 10.1016/j.scitotenv.2024.171858",CSIC-EEZ,Root-associated microbiota of decline-affected and asymptomatic Pinus sylvestris trees,DNA extraction from the rhizosphere of Pinus sylvestris trees and sequencing of the 16S rRNA gene for bacteria and the fungal ITS2 region for fungi,2022,7,12,Europe,Spain,ES,Granada,Alhama de Granada,Cuerda Granada al puerto de Cómpeta,36.8813888889,-3.92538888889,36⁰ 52’ 53’’ N 03⁰ 55’ 31.4’’ W,1510,Rhizosphere of Pinus sylvestris,asymptomatic,vASH11,Sierra de Almijara
ASH12E-20220710,ASH12-20220710,19183,Event,Sampling,en,https://creativecommons.org/licenses/by/4.0/legalcode.es,"Lasa, A.V.; Fernández-González, A.J.; Villadas, P.J.; Mercado-Blanco, J.; Pérez-Luque, A.J.; Fernández-López, M. (2024). Mediterranean pine forest decline: a matter of root-associated microbiota and climate change. Science of The Total Environment 926: 171858. doi: 10.1016/j.scitotenv.2024.171858",CSIC-EEZ,Root-associated microbiota of decline-affected and asymptomatic Pinus sylvestris trees,DNA extraction from the root endosphere of Pinus sylvestris trees and sequencing of the 16S rRNA gene for bacteria and the fungal ITS2 region for fungi,2022,7,12,Europe,Spain,ES,Granada,Alhama de Granada,Cuerda Granada al puerto de Cómpeta,36.8813888889,-3.92538888889,36⁰ 52’ 53’’ N 03⁰ 55’ 31.4’’ W,1510,Root endosphere of Pinus sylvestris,asymptomatic,vASH12,Sierra de Almijara
ASH12R-20220710,ASH12-20220710,19183,Event,Sampling,en,https://creativecommons.org/licenses/by/4.0/legalcode.es,"Lasa, A.V.; Fernández-González, A.J.; Villadas, P.J.; Mercado-Blanco, J.; Pérez-Luque, A.J.; Fernández-López, M. (2024). Mediterranean pine forest decline: a matter of root-associated microbiota and climate change. Science of The Total Environment 926: 171858. doi: 10.1016/j.scitotenv.2024.171858",CSIC-EEZ,Root-associated microbiota of decline-affected and asymptomatic Pinus sylvestris trees,DNA extraction from the rhizosphere of Pinus sylvestris trees and sequencing of the 16S rRNA gene for bacteria and the fungal ITS2 region for fungi,2022,7,12,Europe,Spain,ES,Granada,Alhama de Granada,Cuerda Granada al puerto de Cómpeta,36.8813888889,-3.92538888889,36⁰ 52’ 53’’ N 03⁰ 55’ 31.4’’ W,1510,Rhizosphere of Pinus sylvestris,asymptomatic,vASH12,Sierra de Almijara
BSD01E-20220710,BSD01-20220710,19183,Event,Sampling,en,https://creativecommons.org/licenses/by/4.0/legalcode.es,"Lasa, A.V.; Fernández-González, A.J.; Villadas, P.J.; Mercado-Blanco, J.; Pérez-Luque, A.J.; Fernández-López, M. (2024). Mediterranean pine forest decline: a matter of root-associated microbiota and climate change. Science of The Total Environment 926: 171858. doi: 10.1016/j.scitotenv.2024.171858",CSIC-EEZ,Root-associated microbiota of decline-affected and asymptomatic Pinus sylvestris trees,DNA extraction from the root endosphere of Pinus sylvestris trees and sequencing of the 16S rRNA gene for bacteria and the fungal ITS2 region for fungi,2022,7,26,Europe,Spain,ES,Granada,Baza,Cortijo del Moro,37.2890833333,-2.70555555556,37⁰ 17’ 20.7’’ N 02⁰ 42’ 20.0’’ W,1584,Root endosphere of Pinus sylvestris,symptomatic,vBSD01,Sierra de Baza
BSD01R-20220710,BSD01-20220710,19183,Event,Sampling,en,https://creativecommons.org/licenses/by/4.0/legalcode.es,"Lasa, A.V.; Fernández-González, A.J.; Villadas, P.J.; Mercado-Blanco, J.; Pérez-Luque, A.J.; Fernández-López, M. (2024). Mediterranean pine forest decline: a matter of root-associated microbiota and climate change. Science of The Total Environment 926: 171858. doi: 10.1016/j.scitotenv.2024.171858",CSIC-EEZ,Root-associated microbiota of decline-affected and asymptomatic Pinus sylvestris trees,DNA extraction from the rhizosphere of Pinus sylvestris trees and sequencing of the 16S rRNA gene for bacteria and the fungal ITS2 region for fungi,2022,7,26,Europe,Spain,ES,Granada,Baza,Cortijo del Moro,37.2890833333,-2.70555555556,37⁰ 17’ 20.7’’ N 02⁰ 42’ 20.0’’ W,1584,Rhizosphere of Pinus sylvestris,symptomatic,vBSD01,Sierra de Baza
BSD02E-20220710,BSD02-20220710,19183,Event,Sampling,en,https://creativecommons.org/licenses/by/4.0/legalcode.es,"Lasa, A.V.; Fernández-González, A.J.; Villadas, P.J.; Mercado-Blanco, J.; Pérez-Luque, A.J.; Fernández-López, M. (2024). Mediterranean pine forest decline: a matter of root-associated microbiota and climate change. Science of The Total Environment 926: 171858. doi: 10.1016/j.scitotenv.2024.171858",CSIC-EEZ,Root-associated microbiota of decline-affected and asymptomatic Pinus sylvestris trees,DNA extraction from the root endosphere of Pinus sylvestris trees and sequencing of the 16S rRNA gene for bacteria and the fungal ITS2 region for fungi,2022,7,26,Europe,Spain,ES,Granada,Baza,Cortijo del Moro,37.2890833333,-2.70555555556,37⁰ 17’ 20.7’’ N 02⁰ 42’ 20.0’’ W,1584,Root endosphere of Pinus sylvestris,symptomatic,vBSD02,Sierra de Baza
BSD02R-20220710,BSD02-20220710,19183,Event,Sampling,en,https://creativecommons.org/licenses/by/4.0/legalcode.es,"Lasa, A.V.; Fernández-González, A.J.; Villadas, P.J.; Mercado-Blanco, J.; Pérez-Luque, A.J.; Fernández-López, M. (2024). Mediterranean pine forest decline: a matter of root-associated microbiota and climate change. Science of The Total Environment 926: 171858. doi: 10.1016/j.scitotenv.2024.171858",CSIC-EEZ,Root-associated microbiota of decline-affected and asymptomatic Pinus sylvestris trees,DNA extraction from the rhizosphere of Pinus sylvestris trees and sequencing of the 16S rRNA gene for bacteria and the fungal ITS2 region for fungi,2022,7,26,Europe,Spain,ES,Granada,Baza,Cortijo del Moro,37.2890833333,-2.70555555556,37⁰ 17’ 20.7’’ N 02⁰ 42’ 20.0’’ W,1584,Rhizosphere of Pinus sylvestris,symptomatic,vBSD02,Sierra de Baza
BSD03E-20220710,BSD03-20220710,19183,Event,Sampling,en,https://creativecommons.org/licenses/by/4.0/legalcode.es,"Lasa, A.V.; Fernández-González, A.J.; Villadas, P.J.; Mercado-Blanco, J.; Pérez-Luque, A.J.; Fernández-López, M. (2024). Mediterranean pine forest decline: a matter of root-associated microbiota and climate change. Science of The Total Environment 926: 171858. doi: 10.1016/j.scitotenv.2024.171858",CSIC-EEZ,Root-associated microbiota of decline-affected and asymptomatic Pinus sylvestris trees,DNA extraction from the root endosphere of Pinus sylvestris trees and sequencing of the 16S rRNA gene for bacteria and the fungal ITS2 region for fungi,2022,7,26,Europe,Spain,ES,Granada,Baza,Cortijo del Moro,37.2890833333,-2.70555555556,37⁰ 17’ 20.7’’ N 02⁰ 42’ 20.0’’ W,1584,Root endosphere of Pinus sylvestris,symptomatic,vBSD03,Sierra de Baza
BSD03R-20220710,BSD03-20220710,19183,Event,Sampling,en,https://creativecommons.org/licenses/by/4.0/legalcode.es,"Lasa, A.V.; Fernández-González, A.J.; Villadas, P.J.; Mercado-Blanco, J.; Pérez-Luque, A.J.; Fernández-López, M. (2024). Mediterranean pine forest decline: a matter of root-associated microbiota and climate change. Science of The Total Environment 926: 171858. doi: 10.1016/j.scitotenv.2024.171858",CSIC-EEZ,Root-associated microbiota of decline-affected and asymptomatic Pinus sylvestris trees,DNA extraction from the rhizosphere of Pinus sylvestris trees and sequencing of the 16S rRNA gene for bacteria and the fungal ITS2 region for fungi,2022,7,26,Europe,Spain,ES,Granada,Baza,Cortijo del Moro,37.2890833333,-2.70555555556,37⁰ 17’ 20.7’’ N 02⁰ 42’ 20.0’’ W,1584,Rhizosphere of Pinus sylvestris,symptomatic,vBSD03,Sierra de Baza
BSD04E-20220710,BSD04-20220710,19183,Event,Sampling,en,https://creativecommons.org/licenses/by/4.0/legalcode.es,"Lasa, A.V.; Fernández-González, A.J.; Villadas, P.J.; Mercado-Blanco, J.; Pérez-Luque, A.J.; Fernández-López, M. (2024). Mediterranean pine forest decline: a matter of root-associated microbiota and climate change. Science of The Total Environment 926: 171858. doi: 10.1016/j.scitotenv.2024.171858",CSIC-EEZ,Root-associated microbiota of decline-affected and asymptomatic Pinus sylvestris trees,DNA extraction from the root endosphere of Pinus sylvestris trees and sequencing of the 16S rRNA gene for bacteria and the fungal ITS2 region for fungi,2022,7,26,Europe,Spain,ES,Granada,Baza,Cortijo del Moro,37.2890833333,-2.70555555556,37⁰ 17’ 20.7’’ N 02⁰ 42’ 20.0’’ W,1584,Root endosphere of Pinus sylvestris,symptomatic,vBSD04,Sierra de Baza
BSD04R-20220710,BSD04-20220710,19183,Event,Sampling,en,https://creativecommons.org/licenses/by/4.0/legalcode.es,"Lasa, A.V.; Fernández-González, A.J.; Villadas, P.J.; Mercado-Blanco, J.; Pérez-Luque, A.J.; Fernández-López, M. (2024). Mediterranean pine forest decline: a matter of root-associated microbiota and climate change. Science of The Total Environment 926: 171858. doi: 10.1016/j.scitotenv.2024.171858",CSIC-EEZ,Root-associated microbiota of decline-affected and asymptomatic Pinus sylvestris trees,DNA extraction from the rhizosphere of Pinus sylvestris trees and sequencing of the 16S rRNA gene for bacteria and the fungal ITS2 region for fungi,2022,7,26,Europe,Spain,ES,Granada,Baza,Cortijo del Moro,37.2890833333,-2.70555555556,37⁰ 17’ 20.7’’ N 02⁰ 42’ 20.0’’ W,1584,Rhizosphere of Pinus sylvestris,symptomatic,vBSD04,Sierra de Baza
BSD05E-20220710,BSD05-20220710,19183,Event,Sampling,en,https://creativecommons.org/licenses/by/4.0/legalcode.es,"Lasa, A.V.; Fernández-González, A.J.; Villadas, P.J.; Mercado-Blanco, J.; Pérez-Luque, A.J.; Fernández-López, M. (2024). Mediterranean pine forest decline: a matter of root-associated microbiota and climate change. Science of The Total Environment 926: 171858. doi: 10.1016/j.scitotenv.2024.171858",CSIC-EEZ,Root-associated microbiota of decline-affected and asymptomatic Pinus sylvestris trees,DNA extraction from the root endosphere of Pinus sylvestris trees and sequencing of the 16S rRNA gene for bacteria and the fungal ITS2 region for fungi,2022,7,26,Europe,Spain,ES,Granada,Baza,Cortijo del Moro,37.2890833333,-2.70555555556,37⁰ 17’ 20.7’’ N 02⁰ 42’ 20.0’’ W,1584,Root endosphere of Pinus sylvestris,symptomatic,vBSD05,Sierra de Baza
BSD05R-20220710,BSD05-20220710,19183,Event,Sampling,en,https://creativecommons.org/licenses/by/4.0/legalcode.es,"Lasa, A.V.; Fernández-González, A.J.; Villadas, P.J.; Mercado-Blanco, J.; Pérez-Luque, A.J.; Fernández-López, M. (2024). Mediterranean pine forest decline: a matter of root-associated microbiota and climate change. Science of The Total Environment 926: 171858. doi: 10.1016/j.scitotenv.2024.171858",CSIC-EEZ,Root-associated microbiota of decline-affected and asymptomatic Pinus sylvestris trees,DNA extraction from the rhizosphere of Pinus sylvestris trees and sequencing of the 16S rRNA gene for bacteria and the fungal ITS2 region for fungi,2022,7,26,Europe,Spain,ES,Granada,Baza,Cortijo del Moro,37.2890833333,-2.70555555556,37⁰ 17’ 20.7’’ N 02⁰ 42’ 20.0’’ W,1584,Rhizosphere of Pinus sylvestris,symptomatic,vBSD05,Sierra de Baza
BSD06E-20220710,BSD06-20220710,19183,Event,Sampling,en,https://creativecommons.org/licenses/by/4.0/legalcode.es,"Lasa, A.V.; Fernández-González, A.J.; Villadas, P.J.; Mercado-Blanco, J.; Pérez-Luque, A.J.; Fernández-López, M. (2024). Mediterranean pine forest decline: a matter of root-associated microbiota and climate change. Science of The Total Environment 926: 171858. doi: 10.1016/j.scitotenv.2024.171858",CSIC-EEZ,Root-associated microbiota of decline-affected and asymptomatic Pinus sylvestris trees,DNA extraction from the root endosphere of Pinus sylvestris trees and sequencing of the 16S rRNA gene for bacteria and the fungal ITS2 region for fungi,2022,7,26,Europe,Spain,ES,Granada,Baza,Cortijo del Moro,37.2890833333,-2.70555555556,37⁰ 17’ 20.7’’ N 02⁰ 42’ 20.0’’ W,1584,Root endosphere of Pinus sylvestris,symptomatic,vBSD06,Sierra de Baza
BSD06R-20220710,BSD06-20220710,19183,Event,Sampling,en,https://creativecommons.org/licenses/by/4.0/legalcode.es,"Lasa, A.V.; Fernández-González, A.J.; Villadas, P.J.; Mercado-Blanco, J.; Pérez-Luque, A.J.; Fernández-López, M. (2024). Mediterranean pine forest decline: a matter of root-associated microbiota and climate change. Science of The Total Environment 926: 171858. doi: 10.1016/j.scitotenv.2024.171858",CSIC-EEZ,Root-associated microbiota of decline-affected and asymptomatic Pinus sylvestris trees,DNA extraction from the rhizosphere of Pinus sylvestris trees and sequencing of the 16S rRNA gene for bacteria and the fungal ITS2 region for fungi,2022,7,26,Europe,Spain,ES,Granada,Baza,Cortijo del Moro,37.2890833333,-2.70555555556,37⁰ 17’ 20.7’’ N 02⁰ 42’ 20.0’’ W,1584,Rhizosphere of Pinus sylvestris,symptomatic,vBSD06,Sierra de Baza
BSD07E-20220710,BSD07-20220710,19183,Event,Sampling,en,https://creativecommons.org/licenses/by/4.0/legalcode.es,"Lasa, A.V.; Fernández-González, A.J.; Villadas, P.J.; Mercado-Blanco, J.; Pérez-Luque, A.J.; Fernández-López, M. (2024). Mediterranean pine forest decline: a matter of root-associated microbiota and climate change. Science of The Total Environment 926: 171858. doi: 10.1016/j.scitotenv.2024.171858",CSIC-EEZ,Root-associated microbiota of decline-affected and asymptomatic Pinus sylvestris trees,DNA extraction from the root endosphere of Pinus sylvestris trees and sequencing of the 16S rRNA gene for bacteria and the fungal ITS2 region for fungi,2022,7,26,Europe,Spain,ES,Granada,Baza,Cortijo del Moro,37.2890833333,-2.70555555556,37⁰ 17’ 20.7’’ N 02⁰ 42’ 20.0’’ W,1584,Root endosphere of Pinus sylvestris,symptomatic,vBSD07,Sierra de Baza
BSD07R-20220710,BSD07-20220710,19183,Event,Sampling,en,https://creativecommons.org/licenses/by/4.0/legalcode.es,"Lasa, A.V.; Fernández-González, A.J.; Villadas, P.J.; Mercado-Blanco, J.; Pérez-Luque, A.J.; Fernández-López, M. (2024). Mediterranean pine forest decline: a matter of root-associated microbiota and climate change. Science of The Total Environment 926: 171858. doi: 10.1016/j.scitotenv.2024.171858",CSIC-EEZ,Root-associated microbiota of decline-affected and asymptomatic Pinus sylvestris trees,DNA extraction from the rhizosphere of Pinus sylvestris trees and sequencing of the 16S rRNA gene for bacteria and the fungal ITS2 region for fungi,2022,7,26,Europe,Spain,ES,Granada,Baza,Cortijo del Moro,37.2890833333,-2.70555555556,37⁰ 17’ 20.7’’ N 02⁰ 42’ 20.0’’ W,1584,Rhizosphere of Pinus sylvestris,symptomatic,vBSD07,Sierra de Baza
BSD08E-20220710,BSD08-20220710,19183,Event,Sampling,en,https://creativecommons.org/licenses/by/4.0/legalcode.es,"Lasa, A.V.; Fernández-González, A.J.; Villadas, P.J.; Mercado-Blanco, J.; Pérez-Luque, A.J.; Fernández-López, M. (2024). Mediterranean pine forest decline: a matter of root-associated microbiota and climate change. Science of The Total Environment 926: 171858. doi: 10.1016/j.scitotenv.2024.171858",CSIC-EEZ,Root-associated microbiota of decline-affected and asymptomatic Pinus sylvestris trees,DNA extraction from the root endosphere of Pinus sylvestris trees and sequencing of the 16S rRNA gene for bacteria and the fungal ITS2 region for fungi,2022,7,26,Europe,Spain,ES,Granada,Baza,Cortijo del Moro,37.2890833333,-2.70555555556,37⁰ 17’ 20.7’’ N 02⁰ 42’ 20.0’’ W,1584,Root endosphere of Pinus sylvestris,symptomatic,vBSD08,Sierra de Baza
BSD08R-20220710,BSD08-20220710,19183,Event,Sampling,en,https://creativecommons.org/licenses/by/4.0/legalcode.es,"Lasa, A.V.; Fernández-González, A.J.; Villadas, P.J.; Mercado-Blanco, J.; Pérez-Luque, A.J.; Fernández-López, M. (2024). Mediterranean pine forest decline: a matter of root-associated microbiota and climate change. Science of The Total Environment 926: 171858. doi: 10.1016/j.scitotenv.2024.171858",CSIC-EEZ,Root-associated microbiota of decline-affected and asymptomatic Pinus sylvestris trees,DNA extraction from the rhizosphere of Pinus sylvestris trees and sequencing of the 16S rRNA gene for bacteria and the fungal ITS2 region for fungi,2022,7,26,Europe,Spain,ES,Granada,Baza,Cortijo del Moro,37.2890833333,-2.70555555556,37⁰ 17’ 20.7’’ N 02⁰ 42’ 20.0’’ W,1584,Rhizosphere of Pinus sylvestris,symptomatic,vBSD08,Sierra de Baza
BSD09E-20220710,BSD09-20220710,19183,Event,Sampling,en,https://creativecommons.org/licenses/by/4.0/legalcode.es,"Lasa, A.V.; Fernández-González, A.J.; Villadas, P.J.; Mercado-Blanco, J.; Pérez-Luque, A.J.; Fernández-López, M. (2024). Mediterranean pine forest decline: a matter of root-associated microbiota and climate change. Science of The Total Environment 926: 171858. doi: 10.1016/j.scitotenv.2024.171858",CSIC-EEZ,Root-associated microbiota of decline-affected and asymptomatic Pinus sylvestris trees,DNA extraction from the root endosphere of Pinus sylvestris trees and sequencing of the 16S rRNA gene for bacteria and the fungal ITS2 region for fungi,2022,7,26,Europe,Spain,ES,Granada,Baza,Cortijo del Moro,37.2890833333,-2.70555555556,37⁰ 17’ 20.7’’ N 02⁰ 42’ 20.0’’ W,1584,Root endosphere of Pinus sylvestris,symptomatic,vBSD09,Sierra de Baza
BSD09R-20220710,BSD09-20220710,19183,Event,Sampling,en,https://creativecommons.org/licenses/by/4.0/legalcode.es,"Lasa, A.V.; Fernández-González, A.J.; Villadas, P.J.; Mercado-Blanco, J.; Pérez-Luque, A.J.; Fernández-López, M. (2024). Mediterranean pine forest decline: a matter of root-associated microbiota and climate change. Science of The Total Environment 926: 171858. doi: 10.1016/j.scitotenv.2024.171858",CSIC-EEZ,Root-associated microbiota of decline-affected and asymptomatic Pinus sylvestris trees,DNA extraction from the rhizosphere of Pinus sylvestris trees and sequencing of the 16S rRNA gene for bacteria and the fungal ITS2 region for fungi,2022,7,26,Europe,Spain,ES,Granada,Baza,Cortijo del Moro,37.2890833333,-2.70555555556,37⁰ 17’ 20.7’’ N 02⁰ 42’ 20.0’’ W,1584,Rhizosphere of Pinus sylvestris,symptomatic,vBSD09,Sierra de Baza
BSD10E-20220710,BSD10-20220710,19183,Event,Sampling,en,https://creativecommons.org/licenses/by/4.0/legalcode.es,"Lasa, A.V.; Fernández-González, A.J.; Villadas, P.J.; Mercado-Blanco, J.; Pérez-Luque, A.J.; Fernández-López, M. (2024). Mediterranean pine forest decline: a matter of root-associated microbiota and climate change. Science of The Total Environment 926: 171858. doi: 10.1016/j.scitotenv.2024.171858",CSIC-EEZ,Root-associated microbiota of decline-affected and asymptomatic Pinus sylvestris trees,DNA extraction from the root endosphere of Pinus sylvestris trees and sequencing of the 16S rRNA gene for bacteria and the fungal ITS2 region for fungi,2022,7,26,Europe,Spain,ES,Granada,Baza,Cortijo del Moro,37.2890833333,-2.70555555556,37⁰ 17’ 20.7’’ N 02⁰ 42’ 20.0’’ W,1584,Root endosphere of Pinus sylvestris,symptomatic,vBSD10,Sierra de Baza
BSD10R-20220710,BSD10-20220710,19183,Event,Sampling,en,https://creativecommons.org/licenses/by/4.0/legalcode.es,"Lasa, A.V.; Fernández-González, A.J.; Villadas, P.J.; Mercado-Blanco, J.; Pérez-Luque, A.J.; Fernández-López, M. (2024). Mediterranean pine forest decline: a matter of root-associated microbiota and climate change. Science of The Total Environment 926: 171858. doi: 10.1016/j.scitotenv.2024.171858",CSIC-EEZ,Root-associated microbiota of decline-affected and asymptomatic Pinus sylvestris trees,DNA extraction from the rhizosphere of Pinus sylvestris trees and sequencing of the 16S rRNA gene for bacteria and the fungal ITS2 region for fungi,2022,7,26,Europe,Spain,ES,Granada,Baza,Cortijo del Moro,37.2890833333,-2.70555555556,37⁰ 17’ 20.7’’ N 02⁰ 42’ 20.0’’ W,1584,Rhizosphere of Pinus sylvestris,symptomatic,vBSD10,Sierra de Baza
BSD11E-20220710,BSD11-20220710,19183,Event,Sampling,en,https://creativecommons.org/licenses/by/4.0/legalcode.es,"Lasa, A.V.; Fernández-González, A.J.; Villadas, P.J.; Mercado-Blanco, J.; Pérez-Luque, A.J.; Fernández-López, M. (2024). Mediterranean pine forest decline: a matter of root-associated microbiota and climate change. Science of The Total Environment 926: 171858. doi: 10.1016/j.scitotenv.2024.171858",CSIC-EEZ,Root-associated microbiota of decline-affected and asymptomatic Pinus sylvestris trees,DNA extraction from the root endosphere of Pinus sylvestris trees and sequencing of the 16S rRNA gene for bacteria and the fungal ITS2 region for fungi,2022,7,26,Europe,Spain,ES,Granada,Baza,Cortijo del Moro,37.2890833333,-2.70555555556,37⁰ 17’ 20.7’’ N 02⁰ 42’ 20.0’’ W,1584,Root endosphere of Pinus sylvestris,symptomatic,vBSD11,Sierra de Baza
BSD11R-20220710,BSD11-20220710,19183,Event,Sampling,en,https://creativecommons.org/licenses/by/4.0/legalcode.es,"Lasa, A.V.; Fernández-González, A.J.; Villadas, P.J.; Mercado-Blanco, J.; Pérez-Luque, A.J.; Fernández-López, M. (2024). Mediterranean pine forest decline: a matter of root-associated microbiota and climate change. Science of The Total Environment 926: 171858. doi: 10.1016/j.scitotenv.2024.171858",CSIC-EEZ,Root-associated microbiota of decline-affected and asymptomatic Pinus sylvestris trees,DNA extraction from the rhizosphere of Pinus sylvestris trees and sequencing of the 16S rRNA gene for bacteria and the fungal ITS2 region for fungi,2022,7,26,Europe,Spain,ES,Granada,Baza,Cortijo del Moro,37.2890833333,-2.70555555556,37⁰ 17’ 20.7’’ N 02⁰ 42’ 20.0’’ W,1584,Rhizosphere of Pinus sylvestris,symptomatic,vBSD11,Sierra de Baza
BSD12E-20220710,BSD12-20220710,19183,Event,Sampling,en,https://creativecommons.org/licenses/by/4.0/legalcode.es,"Lasa, A.V.; Fernández-González, A.J.; Villadas, P.J.; Mercado-Blanco, J.; Pérez-Luque, A.J.; Fernández-López, M. (2024). Mediterranean pine forest decline: a matter of root-associated microbiota and climate change. Science of The Total Environment 926: 171858. doi: 10.1016/j.scitotenv.2024.171858",CSIC-EEZ,Root-associated microbiota of decline-affected and asymptomatic Pinus sylvestris trees,DNA extraction from the root endosphere of Pinus sylvestris trees and sequencing of the 16S rRNA gene for bacteria and the fungal ITS2 region for fungi,2022,7,26,Europe,Spain,ES,Granada,Baza,Cortijo del Moro,37.2890833333,-2.70555555556,37⁰ 17’ 20.7’’ N 02⁰ 42’ 20.0’’ W,1584,Root endosphere of Pinus sylvestris,symptomatic,vBSD12,Sierra de Baza
BSD12R-20220710,BSD12-20220710,19183,Event,Sampling,en,https://creativecommons.org/licenses/by/4.0/legalcode.es,"Lasa, A.V.; Fernández-González, A.J.; Villadas, P.J.; Mercado-Blanco, J.; Pérez-Luque, A.J.; Fernández-López, M. (2024). Mediterranean pine forest decline: a matter of root-associated microbiota and climate change. Science of The Total Environment 926: 171858. doi: 10.1016/j.scitotenv.2024.171858",CSIC-EEZ,Root-associated microbiota of decline-affected and asymptomatic Pinus sylvestris trees,DNA extraction from the rhizosphere of Pinus sylvestris trees and sequencing of the 16S rRNA gene for bacteria and the fungal ITS2 region for fungi,2022,7,26,Europe,Spain,ES,Granada,Baza,Cortijo del Moro,37.2890833333,-2.70555555556,37⁰ 17’ 20.7’’ N 02⁰ 42’ 20.0’’ W,1584,Rhizosphere of Pinus sylvestris,symptomatic,vBSD12,Sierra de Baza
NSD01E-20220710,NSD01-20220710,19183,Event,Sampling,en,https://creativecommons.org/licenses/by/4.0/legalcode.es,"Lasa, A.V.; Fernández-González, A.J.; Villadas, P.J.; Mercado-Blanco, J.; Pérez-Luque, A.J.; Fernández-López, M. (2024). Mediterranean pine forest decline: a matter of root-associated microbiota and climate change. Science of The Total Environment 926: 171858. doi: 10.1016/j.scitotenv.2024.171858",CSIC-EEZ,Root-associated microbiota of decline-affected and asymptomatic Pinus sylvestris trees,DNA extraction from the root endosphere of Pinus sylvestris trees and sequencing of the 16S rRNA gene for bacteria and the fungal ITS2 region for fungi,2022,7,19,Europe,Spain,ES,Granada,Aldeire,Haza de los Montesinos,37.1350833333,-3.11755555556,37⁰ 08’ 06.3’’ N 03⁰ 07’ 03.2’’ W,1920,Root endosphere of Pinus sylvestris,symptomatic,vNSD01,Sierra Nevada
NSD01R-20220710,NSD01-20220710,19183,Event,Sampling,en,https://creativecommons.org/licenses/by/4.0/legalcode.es,"Lasa, A.V.; Fernández-González, A.J.; Villadas, P.J.; Mercado-Blanco, J.; Pérez-Luque, A.J.; Fernández-López, M. (2024). Mediterranean pine forest decline: a matter of root-associated microbiota and climate change. Science of The Total Environment 926: 171858. doi: 10.1016/j.scitotenv.2024.171858",CSIC-EEZ,Root-associated microbiota of decline-affected and asymptomatic Pinus sylvestris trees,DNA extraction from the rhizosphere of Pinus sylvestris trees and sequencing of the 16S rRNA gene for bacteria and the fungal ITS2 region for fungi,2022,7,19,Europe,Spain,ES,Granada,Aldeire,Haza de los Montesinos,37.1350833333,-3.11755555556,37⁰ 08’ 06.3’’ N 03⁰ 07’ 03.2’’ W,1920,Rhizosphere of Pinus sylvestris,symptomatic,vNSD01,Sierra Nevada
NSD02E-20220710,NSD02-20220710,19183,Event,Sampling,en,https://creativecommons.org/licenses/by/4.0/legalcode.es,"Lasa, A.V.; Fernández-González, A.J.; Villadas, P.J.; Mercado-Blanco, J.; Pérez-Luque, A.J.; Fernández-López, M. (2024). Mediterranean pine forest decline: a matter of root-associated microbiota and climate change. Science of The Total Environment 926: 171858. doi: 10.1016/j.scitotenv.2024.171858",CSIC-EEZ,Root-associated microbiota of decline-affected and asymptomatic Pinus sylvestris trees,DNA extraction from the root endosphere of Pinus sylvestris trees and sequencing of the 16S rRNA gene for bacteria and the fungal ITS2 region for fungi,2022,7,19,Europe,Spain,ES,Granada,Aldeire,Haza de los Montesinos,37.1350833333,-3.11755555556,37⁰ 08’ 06.3’’ N 03⁰ 07’ 03.2’’ W,1920,Root endosphere of Pinus sylvestris,symptomatic,vNSD02,Sierra Nevada
NSD02R-20220710,NSD02-20220710,19183,Event,Sampling,en,https://creativecommons.org/licenses/by/4.0/legalcode.es,"Lasa, A.V.; Fernández-González, A.J.; Villadas, P.J.; Mercado-Blanco, J.; Pérez-Luque, A.J.; Fernández-López, M. (2024). Mediterranean pine forest decline: a matter of root-associated microbiota and climate change. Science of The Total Environment 926: 171858. doi: 10.1016/j.scitotenv.2024.171858",CSIC-EEZ,Root-associated microbiota of decline-affected and asymptomatic Pinus sylvestris trees,DNA extraction from the rhizosphere of Pinus sylvestris trees and sequencing of the 16S rRNA gene for bacteria and the fungal ITS2 region for fungi,2022,7,19,Europe,Spain,ES,Granada,Aldeire,Haza de los Montesinos,37.1350833333,-3.11755555556,37⁰ 08’ 06.3’’ N 03⁰ 07’ 03.2’’ W,1920,Rhizosphere of Pinus sylvestris,symptomatic,vNSD02,Sierra Nevada
NSD03E-20220710,NSD03-20220710,19183,Event,Sampling,en,https://creativecommons.org/licenses/by/4.0/legalcode.es,"Lasa, A.V.; Fernández-González, A.J.; Villadas, P.J.; Mercado-Blanco, J.; Pérez-Luque, A.J.; Fernández-López, M. (2024). Mediterranean pine forest decline: a matter of root-associated microbiota and climate change. Science of The Total Environment 926: 171858. doi: 10.1016/j.scitotenv.2024.171858",CSIC-EEZ,Root-associated microbiota of decline-affected and asymptomatic Pinus sylvestris trees,DNA extraction from the root endosphere of Pinus sylvestris trees and sequencing of the 16S rRNA gene for bacteria and the fungal ITS2 region for fungi,2022,7,19,Europe,Spain,ES,Granada,Aldeire,Haza de los Montesinos,37.1350833333,-3.11755555556,37⁰ 08’ 06.3’’ N 03⁰ 07’ 03.2’’ W,1920,Root endosphere of Pinus sylvestris,symptomatic,vNSD03,Sierra Nevada
NSD03R-20220710,NSD03-20220710,19183,Event,Sampling,en,https://creativecommons.org/licenses/by/4.0/legalcode.es,"Lasa, A.V.; Fernández-González, A.J.; Villadas, P.J.; Mercado-Blanco, J.; Pérez-Luque, A.J.; Fernández-López, M. (2024). Mediterranean pine forest decline: a matter of root-associated microbiota and climate change. Science of The Total Environment 926: 171858. doi: 10.1016/j.scitotenv.2024.171858",CSIC-EEZ,Root-associated microbiota of decline-affected and asymptomatic Pinus sylvestris trees,DNA extraction from the rhizosphere of Pinus sylvestris trees and sequencing of the 16S rRNA gene for bacteria and the fungal ITS2 region for fungi,2022,7,19,Europe,Spain,ES,Granada,Aldeire,Haza de los Montesinos,37.1350833333,-3.11755555556,37⁰ 08’ 06.3’’ N 03⁰ 07’ 03.2’’ W,1920,Rhizosphere of Pinus sylvestris,symptomatic,vNSD03,Sierra Nevada
NSD04E-20220710,NSD04-20220710,19183,Event,Sampling,en,https://creativecommons.org/licenses/by/4.0/legalcode.es,"Lasa, A.V.; Fernández-González, A.J.; Villadas, P.J.; Mercado-Blanco, J.; Pérez-Luque, A.J.; Fernández-López, M. (2024). Mediterranean pine forest decline: a matter of root-associated microbiota and climate change. Science of The Total Environment 926: 171858. doi: 10.1016/j.scitotenv.2024.171858",CSIC-EEZ,Root-associated microbiota of decline-affected and asymptomatic Pinus sylvestris trees,DNA extraction from the root endosphere of Pinus sylvestris trees and sequencing of the 16S rRNA gene for bacteria and the fungal ITS2 region for fungi,2022,7,19,Europe,Spain,ES,Granada,Aldeire,Haza de los Montesinos,37.1350833333,-3.11755555556,37⁰ 08’ 06.3’’ N 03⁰ 07’ 03.2’’ W,1920,Root endosphere of Pinus sylvestris,symptomatic,vNSD04,Sierra Nevada
NSD04R-20220710,NSD04-20220710,19183,Event,Sampling,en,https://creativecommons.org/licenses/by/4.0/legalcode.es,"Lasa, A.V.; Fernández-González, A.J.; Villadas, P.J.; Mercado-Blanco, J.; Pérez-Luque, A.J.; Fernández-López, M. (2024). Mediterranean pine forest decline: a matter of root-associated microbiota and climate change. Science of The Total Environment 926: 171858. doi: 10.1016/j.scitotenv.2024.171858",CSIC-EEZ,Root-associated microbiota of decline-affected and asymptomatic Pinus sylvestris trees,DNA extraction from the rhizosphere of Pinus sylvestris trees and sequencing of the 16S rRNA gene for bacteria and the fungal ITS2 region for fungi,2022,7,19,Europe,Spain,ES,Granada,Aldeire,Haza de los Montesinos,37.1350833333,-3.11755555556,37⁰ 08’ 06.3’’ N 03⁰ 07’ 03.2’’ W,1920,Rhizosphere of Pinus sylvestris,symptomatic,vNSD04,Sierra Nevada
NSD05E-20220710,NSD05-20220710,19183,Event,Sampling,en,https://creativecommons.org/licenses/by/4.0/legalcode.es,"Lasa, A.V.; Fernández-González, A.J.; Villadas, P.J.; Mercado-Blanco, J.; Pérez-Luque, A.J.; Fernández-López, M. (2024). Mediterranean pine forest decline: a matter of root-associated microbiota and climate change. Science of The Total Environment 926: 171858. doi: 10.1016/j.scitotenv.2024.171858",CSIC-EEZ,Root-associated microbiota of decline-affected and asymptomatic Pinus sylvestris trees,DNA extraction from the root endosphere of Pinus sylvestris trees and sequencing of the 16S rRNA gene for bacteria and the fungal ITS2 region for fungi,2022,7,19,Europe,Spain,ES,Granada,Aldeire,Haza de los Montesinos,37.1350833333,-3.11755555556,37⁰ 08’ 06.3’’ N 03⁰ 07’ 03.2’’ W,1920,Root endosphere of Pinus sylvestris,symptomatic,vNSD05,Sierra Nevada
NSD05R-20220710,NSD05-20220710,19183,Event,Sampling,en,https://creativecommons.org/licenses/by/4.0/legalcode.es,"Lasa, A.V.; Fernández-González, A.J.; Villadas, P.J.; Mercado-Blanco, J.; Pérez-Luque, A.J.; Fernández-López, M. (2024). Mediterranean pine forest decline: a matter of root-associated microbiota and climate change. Science of The Total Environment 926: 171858. doi: 10.1016/j.scitotenv.2024.171858",CSIC-EEZ,Root-associated microbiota of decline-affected and asymptomatic Pinus sylvestris trees,DNA extraction from the rhizosphere of Pinus sylvestris trees and sequencing of the 16S rRNA gene for bacteria and the fungal ITS2 region for fungi,2022,7,19,Europe,Spain,ES,Granada,Aldeire,Haza de los Montesinos,37.1350833333,-3.11755555556,37⁰ 08’ 06.3’’ N 03⁰ 07’ 03.2’’ W,1920,Rhizosphere of Pinus sylvestris,symptomatic,vNSD05,Sierra Nevada
NSD06E-20220710,NSD06-20220710,19183,Event,Sampling,en,https://creativecommons.org/licenses/by/4.0/legalcode.es,"Lasa, A.V.; Fernández-González, A.J.; Villadas, P.J.; Mercado-Blanco, J.; Pérez-Luque, A.J.; Fernández-López, M. (2024). Mediterranean pine forest decline: a matter of root-associated microbiota and climate change. Science of The Total Environment 926: 171858. doi: 10.1016/j.scitotenv.2024.171858",CSIC-EEZ,Root-associated microbiota of decline-affected and asymptomatic Pinus sylvestris trees,DNA extraction from the root endosphere of Pinus sylvestris trees and sequencing of the 16S rRNA gene for bacteria and the fungal ITS2 region for fungi,2022,7,19,Europe,Spain,ES,Granada,Aldeire,Haza de los Montesinos,37.1350833333,-3.11755555556,37⁰ 08’ 06.3’’ N 03⁰ 07’ 03.2’’ W,1920,Root endosphere of Pinus sylvestris,symptomatic,vNSD06,Sierra Nevada
NSD06R-20220710,NSD06-20220710,19183,Event,Sampling,en,https://creativecommons.org/licenses/by/4.0/legalcode.es,"Lasa, A.V.; Fernández-González, A.J.; Villadas, P.J.; Mercado-Blanco, J.; Pérez-Luque, A.J.; Fernández-López, M. (2024). Mediterranean pine forest decline: a matter of root-associated microbiota and climate change. Science of The Total Environment 926: 171858. doi: 10.1016/j.scitotenv.2024.171858",CSIC-EEZ,Root-associated microbiota of decline-affected and asymptomatic Pinus sylvestris trees,DNA extraction from the rhizosphere of Pinus sylvestris trees and sequencing of the 16S rRNA gene for bacteria and the fungal ITS2 region for fungi,2022,7,19,Europe,Spain,ES,Granada,Aldeire,Haza de los Montesinos,37.1350833333,-3.11755555556,37⁰ 08’ 06.3’’ N 03⁰ 07’ 03.2’’ W,1920,Rhizosphere of Pinus sylvestris,symptomatic,vNSD06,Sierra Nevada
NSD07E-20220710,NSD07-20220710,19183,Event,Sampling,en,https://creativecommons.org/licenses/by/4.0/legalcode.es,"Lasa, A.V.; Fernández-González, A.J.; Villadas, P.J.; Mercado-Blanco, J.; Pérez-Luque, A.J.; Fernández-López, M. (2024). Mediterranean pine forest decline: a matter of root-associated microbiota and climate change. Science of The Total Environment 926: 171858. doi: 10.1016/j.scitotenv.2024.171858",CSIC-EEZ,Root-associated microbiota of decline-affected and asymptomatic Pinus sylvestris trees,DNA extraction from the root endosphere of Pinus sylvestris trees and sequencing of the 16S rRNA gene for bacteria and the fungal ITS2 region for fungi,2022,7,19,Europe,Spain,ES,Granada,Aldeire,Haza de los Montesinos,37.1350833333,-3.11755555556,37⁰ 08’ 06.3’’ N 03⁰ 07’ 03.2’’ W,1920,Root endosphere of Pinus sylvestris,symptomatic,vNSD07,Sierra Nevada
NSD07R-20220710,NSD07-20220710,19183,Event,Sampling,en,https://creativecommons.org/licenses/by/4.0/legalcode.es,"Lasa, A.V.; Fernández-González, A.J.; Villadas, P.J.; Mercado-Blanco, J.; Pérez-Luque, A.J.; Fernández-López, M. (2024). Mediterranean pine forest decline: a matter of root-associated microbiota and climate change. Science of The Total Environment 926: 171858. doi: 10.1016/j.scitotenv.2024.171858",CSIC-EEZ,Root-associated microbiota of decline-affected and asymptomatic Pinus sylvestris trees,DNA extraction from the rhizosphere of Pinus sylvestris trees and sequencing of the 16S rRNA gene for bacteria and the fungal ITS2 region for fungi,2022,7,19,Europe,Spain,ES,Granada,Aldeire,Haza de los Montesinos,37.1350833333,-3.11755555556,37⁰ 08’ 06.3’’ N 03⁰ 07’ 03.2’’ W,1920,Rhizosphere of Pinus sylvestris,symptomatic,vNSD07,Sierra Nevada
NSD08E-20220710,NSD08-20220710,19183,Event,Sampling,en,https://creativecommons.org/licenses/by/4.0/legalcode.es,"Lasa, A.V.; Fernández-González, A.J.; Villadas, P.J.; Mercado-Blanco, J.; Pérez-Luque, A.J.; Fernández-López, M. (2024). Mediterranean pine forest decline: a matter of root-associated microbiota and climate change. Science of The Total Environment 926: 171858. doi: 10.1016/j.scitotenv.2024.171858",CSIC-EEZ,Root-associated microbiota of decline-affected and asymptomatic Pinus sylvestris trees,DNA extraction from the root endosphere of Pinus sylvestris trees and sequencing of the 16S rRNA gene for bacteria and the fungal ITS2 region for fungi,2022,7,19,Europe,Spain,ES,Granada,Aldeire,Haza de los Montesinos,37.1350833333,-3.11755555556,37⁰ 08’ 06.3’’ N 03⁰ 07’ 03.2’’ W,1920,Root endosphere of Pinus sylvestris,symptomatic,vNSD08,Sierra Nevada
NSD08R-20220710,NSD08-20220710,19183,Event,Sampling,en,https://creativecommons.org/licenses/by/4.0/legalcode.es,"Lasa, A.V.; Fernández-González, A.J.; Villadas, P.J.; Mercado-Blanco, J.; Pérez-Luque, A.J.; Fernández-López, M. (2024). Mediterranean pine forest decline: a matter of root-associated microbiota and climate change. Science of The Total Environment 926: 171858. doi: 10.1016/j.scitotenv.2024.171858",CSIC-EEZ,Root-associated microbiota of decline-affected and asymptomatic Pinus sylvestris trees,DNA extraction from the rhizosphere of Pinus sylvestris trees and sequencing of the 16S rRNA gene for bacteria and the fungal ITS2 region for fungi,2022,7,19,Europe,Spain,ES,Granada,Aldeire,Haza de los Montesinos,37.1350833333,-3.11755555556,37⁰ 08’ 06.3’’ N 03⁰ 07’ 03.2’’ W,1920,Rhizosphere of Pinus sylvestris,symptomatic,vNSD08,Sierra Nevada
NSD09E-20220710,NSD09-20220710,19183,Event,Sampling,en,https://creativecommons.org/licenses/by/4.0/legalcode.es,"Lasa, A.V.; Fernández-González, A.J.; Villadas, P.J.; Mercado-Blanco, J.; Pérez-Luque, A.J.; Fernández-López, M. (2024). Mediterranean pine forest decline: a matter of root-associated microbiota and climate change. Science of The Total Environment 926: 171858. doi: 10.1016/j.scitotenv.2024.171858",CSIC-EEZ,Root-associated microbiota of decline-affected and asymptomatic Pinus sylvestris trees,DNA extraction from the root endosphere of Pinus sylvestris trees and sequencing of the 16S rRNA gene for bacteria and the fungal ITS2 region for fungi,2022,7,19,Europe,Spain,ES,Granada,Aldeire,Haza de los Montesinos,37.1350833333,-3.11755555556,37⁰ 08’ 06.3’’ N 03⁰ 07’ 03.2’’ W,1920,Root endosphere of Pinus sylvestris,symptomatic,vNSD09,Sierra Nevada
NSD09R-20220710,NSD09-20220710,19183,Event,Sampling,en,https://creativecommons.org/licenses/by/4.0/legalcode.es,"Lasa, A.V.; Fernández-González, A.J.; Villadas, P.J.; Mercado-Blanco, J.; Pérez-Luque, A.J.; Fernández-López, M. (2024). Mediterranean pine forest decline: a matter of root-associated microbiota and climate change. Science of The Total Environment 926: 171858. doi: 10.1016/j.scitotenv.2024.171858",CSIC-EEZ,Root-associated microbiota of decline-affected and asymptomatic Pinus sylvestris trees,DNA extraction from the rhizosphere of Pinus sylvestris trees and sequencing of the 16S rRNA gene for bacteria and the fungal ITS2 region for fungi,2022,7,19,Europe,Spain,ES,Granada,Aldeire,Haza de los Montesinos,37.1350833333,-3.11755555556,37⁰ 08’ 06.3’’ N 03⁰ 07’ 03.2’’ W,1920,Rhizosphere of Pinus sylvestris,symptomatic,vNSD09,Sierra Nevada
NSD10E-20220710,NSD10-20220710,19183,Event,Sampling,en,https://creativecommons.org/licenses/by/4.0/legalcode.es,"Lasa, A.V.; Fernández-González, A.J.; Villadas, P.J.; Mercado-Blanco, J.; Pérez-Luque, A.J.; Fernández-López, M. (2024). Mediterranean pine forest decline: a matter of root-associated microbiota and climate change. Science of The Total Environment 926: 171858. doi: 10.1016/j.scitotenv.2024.171858",CSIC-EEZ,Root-associated microbiota of decline-affected and asymptomatic Pinus sylvestris trees,DNA extraction from the root endosphere of Pinus sylvestris trees and sequencing of the 16S rRNA gene for bacteria and the fungal ITS2 region for fungi,2022,7,19,Europe,Spain,ES,Granada,Aldeire,Haza de los Montesinos,37.1350833333,-3.11755555556,37⁰ 08’ 06.3’’ N 03⁰ 07’ 03.2’’ W,1920,Root endosphere of Pinus sylvestris,symptomatic,vNSD10,Sierra Nevada
NSD10R-20220710,NSD10-20220710,19183,Event,Sampling,en,https://creativecommons.org/licenses/by/4.0/legalcode.es,"Lasa, A.V.; Fernández-González, A.J.; Villadas, P.J.; Mercado-Blanco, J.; Pérez-Luque, A.J.; Fernández-López, M. (2024). Mediterranean pine forest decline: a matter of root-associated microbiota and climate change. Science of The Total Environment 926: 171858. doi: 10.1016/j.scitotenv.2024.171858",CSIC-EEZ,Root-associated microbiota of decline-affected and asymptomatic Pinus sylvestris trees,DNA extraction from the rhizosphere of Pinus sylvestris trees and sequencing of the 16S rRNA gene for bacteria and the fungal ITS2 region for fungi,2022,7,19,Europe,Spain,ES,Granada,Aldeire,Haza de los Montesinos,37.1350833333,-3.11755555556,37⁰ 08’ 06.3’’ N 03⁰ 07’ 03.2’’ W,1920,Rhizosphere of Pinus sylvestris,symptomatic,vNSD10,Sierra Nevada
NSD11E-20220710,NSD11-20220710,19183,Event,Sampling,en,https://creativecommons.org/licenses/by/4.0/legalcode.es,"Lasa, A.V.; Fernández-González, A.J.; Villadas, P.J.; Mercado-Blanco, J.; Pérez-Luque, A.J.; Fernández-López, M. (2024). Mediterranean pine forest decline: a matter of root-associated microbiota and climate change. Science of The Total Environment 926: 171858. doi: 10.1016/j.scitotenv.2024.171858",CSIC-EEZ,Root-associated microbiota of decline-affected and asymptomatic Pinus sylvestris trees,DNA extraction from the root endosphere of Pinus sylvestris trees and sequencing of the 16S rRNA gene for bacteria and the fungal ITS2 region for fungi,2022,7,19,Europe,Spain,ES,Granada,Aldeire,Haza de los Montesinos,37.1350833333,-3.11755555556,37⁰ 08’ 06.3’’ N 03⁰ 07’ 03.2’’ W,1920,Root endosphere of Pinus sylvestris,symptomatic,vNSD11,Sierra Nevada
NSD11R-20220710,NSD11-20220710,19183,Event,Sampling,en,https://creativecommons.org/licenses/by/4.0/legalcode.es,"Lasa, A.V.; Fernández-González, A.J.; Villadas, P.J.; Mercado-Blanco, J.; Pérez-Luque, A.J.; Fernández-López, M. (2024). Mediterranean pine forest decline: a matter of root-associated microbiota and climate change. Science of The Total Environment 926: 171858. doi: 10.1016/j.scitotenv.2024.171858",CSIC-EEZ,Root-associated microbiota of decline-affected and asymptomatic Pinus sylvestris trees,DNA extraction from the rhizosphere of Pinus sylvestris trees and sequencing of the 16S rRNA gene for bacteria and the fungal ITS2 region for fungi,2022,7,19,Europe,Spain,ES,Granada,Aldeire,Haza de los Montesinos,37.1350833333,-3.11755555556,37⁰ 08’ 06.3’’ N 03⁰ 07’ 03.2’’ W,1920,Rhizosphere of Pinus sylvestris,symptomatic,vNSD11,Sierra Nevada
NSD12E-20220710,NSD12-20220710,19183,Event,Sampling,en,https://creativecommons.org/licenses/by/4.0/legalcode.es,"Lasa, A.V.; Fernández-González, A.J.; Villadas, P.J.; Mercado-Blanco, J.; Pérez-Luque, A.J.; Fernández-López, M. (2024). Mediterranean pine forest decline: a matter of root-associated microbiota and climate change. Science of The Total Environment 926: 171858. doi: 10.1016/j.scitotenv.2024.171858",CSIC-EEZ,Root-associated microbiota of decline-affected and asymptomatic Pinus sylvestris trees,DNA extraction from the root endosphere of Pinus sylvestris trees and sequencing of the 16S rRNA gene for bacteria and the fungal ITS2 region for fungi,2022,7,19,Europe,Spain,ES,Granada,Aldeire,Haza de los Montesinos,37.1350833333,-3.11755555556,37⁰ 08’ 06.3’’ N 03⁰ 07’ 03.2’’ W,1920,Root endosphere of Pinus sylvestris,symptomatic,vNSD12,Sierra Nevada
NSD12R-20220710,NSD12-20220710,19183,Event,Sampling,en,https://creativecommons.org/licenses/by/4.0/legalcode.es,"Lasa, A.V.; Fernández-González, A.J.; Villadas, P.J.; Mercado-Blanco, J.; Pérez-Luque, A.J.; Fernández-López, M. (2024). Mediterranean pine forest decline: a matter of root-associated microbiota and climate change. Science of The Total Environment 926: 171858. doi: 10.1016/j.scitotenv.2024.171858",CSIC-EEZ,Root-associated microbiota of decline-affected and asymptomatic Pinus sylvestris trees,DNA extraction from the rhizosphere of Pinus sylvestris trees and sequencing of the 16S rRNA gene for bacteria and the fungal ITS2 region for fungi,2022,7,19,Europe,Spain,ES,Granada,Aldeire,Haza de los Montesinos,37.1350833333,-3.11755555556,37⁰ 08’ 06.3’’ N 03⁰ 07’ 03.2’’ W,1920,Rhizosphere of Pinus sylvestris,symptomatic,vNSD12,Sierra Nevada
NSH01E-20220710,NSH01-20220710,19183,Event,Sampling,en,https://creativecommons.org/licenses/by/4.0/legalcode.es,"Lasa, A.V.; Fernández-González, A.J.; Villadas, P.J.; Mercado-Blanco, J.; Pérez-Luque, A.J.; Fernández-López, M. (2024). Mediterranean pine forest decline: a matter of root-associated microbiota and climate change. Science of The Total Environment 926: 171858. doi: 10.1016/j.scitotenv.2024.171858",CSIC-EEZ,Root-associated microbiota of decline-affected and asymptomatic Pinus sylvestris trees,DNA extraction from the root endosphere of Pinus sylvestris trees and sequencing of the 16S rRNA gene for bacteria and the fungal ITS2 region for fungi,2022,7,19,Europe,Spain,ES,Granada,Aldeire,Tajo del Águila,37.1353055556,-3.05008333333,37⁰ 08’ 07.1’’ N 03⁰ 03’ 00.3’’ W,1880,Root endosphere of Pinus sylvestris,asymptomatic,vNSH01,Sierra Nevada
NSH01R-20220710,NSH01-20220710,19183,Event,Sampling,en,https://creativecommons.org/licenses/by/4.0/legalcode.es,"Lasa, A.V.; Fernández-González, A.J.; Villadas, P.J.; Mercado-Blanco, J.; Pérez-Luque, A.J.; Fernández-López, M. (2024). Mediterranean pine forest decline: a matter of root-associated microbiota and climate change. Science of The Total Environment 926: 171858. doi: 10.1016/j.scitotenv.2024.171858",CSIC-EEZ,Root-associated microbiota of decline-affected and asymptomatic Pinus sylvestris trees,DNA extraction from the rhizosphere of Pinus sylvestris trees and sequencing of the 16S rRNA gene for bacteria and the fungal ITS2 region for fungi,2022,7,19,Europe,Spain,ES,Granada,Aldeire,Tajo del Águila,37.1353055556,-3.05008333333,37⁰ 08’ 07.1’’ N 03⁰ 03’ 00.3’’ W,1880,Rhizosphere of Pinus sylvestris,asymptomatic,vNSH01,Sierra Nevada
NSH02E-20220710,NSH02-20220710,19183,Event,Sampling,en,https://creativecommons.org/licenses/by/4.0/legalcode.es,"Lasa, A.V.; Fernández-González, A.J.; Villadas, P.J.; Mercado-Blanco, J.; Pérez-Luque, A.J.; Fernández-López, M. (2024). Mediterranean pine forest decline: a matter of root-associated microbiota and climate change. Science of The Total Environment 926: 171858. doi: 10.1016/j.scitotenv.2024.171858",CSIC-EEZ,Root-associated microbiota of decline-affected and asymptomatic Pinus sylvestris trees,DNA extraction from the root endosphere of Pinus sylvestris trees and sequencing of the 16S rRNA gene for bacteria and the fungal ITS2 region for fungi,2022,7,19,Europe,Spain,ES,Granada,Aldeire,Tajo del Águila,37.1353055556,-3.05008333333,37⁰ 08’ 07.1’’ N 03⁰ 03’ 00.3’’ W,1880,Root endosphere of Pinus sylvestris,asymptomatic,vNSH02,Sierra Nevada
NSH02R-20220710,NSH02-20220710,19183,Event,Sampling,en,https://creativecommons.org/licenses/by/4.0/legalcode.es,"Lasa, A.V.; Fernández-González, A.J.; Villadas, P.J.; Mercado-Blanco, J.; Pérez-Luque, A.J.; Fernández-López, M. (2024). Mediterranean pine forest decline: a matter of root-associated microbiota and climate change. Science of The Total Environment 926: 171858. doi: 10.1016/j.scitotenv.2024.171858",CSIC-EEZ,Root-associated microbiota of decline-affected and asymptomatic Pinus sylvestris trees,DNA extraction from the rhizosphere of Pinus sylvestris trees and sequencing of the 16S rRNA gene for bacteria and the fungal ITS2 region for fungi,2022,7,19,Europe,Spain,ES,Granada,Aldeire,Tajo del Águila,37.1353055556,-3.05008333333,37⁰ 08’ 07.1’’ N 03⁰ 03’ 00.3’’ W,1880,Rhizosphere of Pinus sylvestris,asymptomatic,vNSH02,Sierra Nevada
NSH03E-20220710,NSH03-20220710,19183,Event,Sampling,en,https://creativecommons.org/licenses/by/4.0/legalcode.es,"Lasa, A.V.; Fernández-González, A.J.; Villadas, P.J.; Mercado-Blanco, J.; Pérez-Luque, A.J.; Fernández-López, M. (2024). Mediterranean pine forest decline: a matter of root-associated microbiota and climate change. Science of The Total Environment 926: 171858. doi: 10.1016/j.scitotenv.2024.171858",CSIC-EEZ,Root-associated microbiota of decline-affected and asymptomatic Pinus sylvestris trees,DNA extraction from the root endosphere of Pinus sylvestris trees and sequencing of the 16S rRNA gene for bacteria and the fungal ITS2 region for fungi,2022,7,19,Europe,Spain,ES,Granada,Aldeire,Tajo del Águila,37.1353055556,-3.05008333333,37⁰ 08’ 07.1’’ N 03⁰ 03’ 00.3’’ W,1880,Root endosphere of Pinus sylvestris,asymptomatic,vNSH03,Sierra Nevada
NSH03R-20220710,NSH03-20220710,19183,Event,Sampling,en,https://creativecommons.org/licenses/by/4.0/legalcode.es,"Lasa, A.V.; Fernández-González, A.J.; Villadas, P.J.; Mercado-Blanco, J.; Pérez-Luque, A.J.; Fernández-López, M. (2024). Mediterranean pine forest decline: a matter of root-associated microbiota and climate change. Science of The Total Environment 926: 171858. doi: 10.1016/j.scitotenv.2024.171858",CSIC-EEZ,Root-associated microbiota of decline-affected and asymptomatic Pinus sylvestris trees,DNA extraction from the rhizosphere of Pinus sylvestris trees and sequencing of the 16S rRNA gene for bacteria and the fungal ITS2 region for fungi,2022,7,19,Europe,Spain,ES,Granada,Aldeire,Tajo del Águila,37.1353055556,-3.05008333333,37⁰ 08’ 07.1’’ N 03⁰ 03’ 00.3’’ W,1880,Rhizosphere of Pinus sylvestris,asymptomatic,vNSH03,Sierra Nevada
NSH04E-20220710,NSH04-20220710,19183,Event,Sampling,en,https://creativecommons.org/licenses/by/4.0/legalcode.es,"Lasa, A.V.; Fernández-González, A.J.; Villadas, P.J.; Mercado-Blanco, J.; Pérez-Luque, A.J.; Fernández-López, M. (2024). Mediterranean pine forest decline: a matter of root-associated microbiota and climate change. Science of The Total Environment 926: 171858. doi: 10.1016/j.scitotenv.2024.171858",CSIC-EEZ,Root-associated microbiota of decline-affected and asymptomatic Pinus sylvestris trees,DNA extraction from the root endosphere of Pinus sylvestris trees and sequencing of the 16S rRNA gene for bacteria and the fungal ITS2 region for fungi,2022,7,19,Europe,Spain,ES,Granada,Aldeire,Tajo del Águila,37.1353055556,-3.05008333333,37⁰ 08’ 07.1’’ N 03⁰ 03’ 00.3’’ W,1880,Root endosphere of Pinus sylvestris,asymptomatic,vNSH04,Sierra Nevada
NSH04R-20220710,NSH04-20220710,19183,Event,Sampling,en,https://creativecommons.org/licenses/by/4.0/legalcode.es,"Lasa, A.V.; Fernández-González, A.J.; Villadas, P.J.; Mercado-Blanco, J.; Pérez-Luque, A.J.; Fernández-López, M. (2024). Mediterranean pine forest decline: a matter of root-associated microbiota and climate change. Science of The Total Environment 926: 171858. doi: 10.1016/j.scitotenv.2024.171858",CSIC-EEZ,Root-associated microbiota of decline-affected and asymptomatic Pinus sylvestris trees,DNA extraction from the rhizosphere of Pinus sylvestris trees and sequencing of the 16S rRNA gene for bacteria and the fungal ITS2 region for fungi,2022,7,19,Europe,Spain,ES,Granada,Aldeire,Tajo del Águila,37.1353055556,-3.05008333333,37⁰ 08’ 07.1’’ N 03⁰ 03’ 00.3’’ W,1880,Rhizosphere of Pinus sylvestris,asymptomatic,vNSH04,Sierra Nevada
NSH05E-20220710,NSH05-20220710,19183,Event,Sampling,en,https://creativecommons.org/licenses/by/4.0/legalcode.es,"Lasa, A.V.; Fernández-González, A.J.; Villadas, P.J.; Mercado-Blanco, J.; Pérez-Luque, A.J.; Fernández-López, M. (2024). Mediterranean pine forest decline: a matter of root-associated microbiota and climate change. Science of The Total Environment 926: 171858. doi: 10.1016/j.scitotenv.2024.171858",CSIC-EEZ,Root-associated microbiota of decline-affected and asymptomatic Pinus sylvestris trees,DNA extraction from the root endosphere of Pinus sylvestris trees and sequencing of the 16S rRNA gene for bacteria and the fungal ITS2 region for fungi,2022,7,19,Europe,Spain,ES,Granada,Aldeire,Tajo del Águila,37.1353055556,-3.05008333333,37⁰ 08’ 07.1’’ N 03⁰ 03’ 00.3’’ W,1880,Root endosphere of Pinus sylvestris,asymptomatic,vNSH05,Sierra Nevada
NSH05R-20220710,NSH05-20220710,19183,Event,Sampling,en,https://creativecommons.org/licenses/by/4.0/legalcode.es,"Lasa, A.V.; Fernández-González, A.J.; Villadas, P.J.; Mercado-Blanco, J.; Pérez-Luque, A.J.; Fernández-López, M. (2024). Mediterranean pine forest decline: a matter of root-associated microbiota and climate change. Science of The Total Environment 926: 171858. doi: 10.1016/j.scitotenv.2024.171858",CSIC-EEZ,Root-associated microbiota of decline-affected and asymptomatic Pinus sylvestris trees,DNA extraction from the rhizosphere of Pinus sylvestris trees and sequencing of the 16S rRNA gene for bacteria and the fungal ITS2 region for fungi,2022,7,19,Europe,Spain,ES,Granada,Aldeire,Tajo del Águila,37.1353055556,-3.05008333333,37⁰ 08’ 07.1’’ N 03⁰ 03’ 00.3’’ W,1880,Rhizosphere of Pinus sylvestris,asymptomatic,vNSH05,Sierra Nevada
NSH06E-20220710,NSH06-20220710,19183,Event,Sampling,en,https://creativecommons.org/licenses/by/4.0/legalcode.es,"Lasa, A.V.; Fernández-González, A.J.; Villadas, P.J.; Mercado-Blanco, J.; Pérez-Luque, A.J.; Fernández-López, M. (2024). Mediterranean pine forest decline: a matter of root-associated microbiota and climate change. Science of The Total Environment 926: 171858. doi: 10.1016/j.scitotenv.2024.171858",CSIC-EEZ,Root-associated microbiota of decline-affected and asymptomatic Pinus sylvestris trees,DNA extraction from the root endosphere of Pinus sylvestris trees and sequencing of the 16S rRNA gene for bacteria and the fungal ITS2 region for fungi,2022,7,19,Europe,Spain,ES,Granada,Aldeire,Tajo del Águila,37.1353055556,-3.05008333333,37⁰ 08’ 07.1’’ N 03⁰ 03’ 00.3’’ W,1880,Root endosphere of Pinus sylvestris,asymptomatic,vNSH06,Sierra Nevada
NSH06R-20220710,NSH06-20220710,19183,Event,Sampling,en,https://creativecommons.org/licenses/by/4.0/legalcode.es,"Lasa, A.V.; Fernández-González, A.J.; Villadas, P.J.; Mercado-Blanco, J.; Pérez-Luque, A.J.; Fernández-López, M. (2024). Mediterranean pine forest decline: a matter of root-associated microbiota and climate change. Science of The Total Environment 926: 171858. doi: 10.1016/j.scitotenv.2024.171858",CSIC-EEZ,Root-associated microbiota of decline-affected and asymptomatic Pinus sylvestris trees,DNA extraction from the rhizosphere of Pinus sylvestris trees and sequencing of the 16S rRNA gene for bacteria and the fungal ITS2 region for fungi,2022,7,19,Europe,Spain,ES,Granada,Aldeire,Tajo del Águila,37.1353055556,-3.05008333333,37⁰ 08’ 07.1’’ N 03⁰ 03’ 00.3’’ W,1880,Rhizosphere of Pinus sylvestris,asymptomatic,vNSH06,Sierra Nevada
NSH07E-20220710,NSH07-20220710,19183,Event,Sampling,en,https://creativecommons.org/licenses/by/4.0/legalcode.es,"Lasa, A.V.; Fernández-González, A.J.; Villadas, P.J.; Mercado-Blanco, J.; Pérez-Luque, A.J.; Fernández-López, M. (2024). Mediterranean pine forest decline: a matter of root-associated microbiota and climate change. Science of The Total Environment 926: 171858. doi: 10.1016/j.scitotenv.2024.171858",CSIC-EEZ,Root-associated microbiota of decline-affected and asymptomatic Pinus sylvestris trees,DNA extraction from the root endosphere of Pinus sylvestris trees and sequencing of the 16S rRNA gene for bacteria and the fungal ITS2 region for fungi,2022,7,19,Europe,Spain,ES,Granada,Aldeire,Tajo del Águila,37.1353055556,-3.05008333333,37⁰ 08’ 07.1’’ N 03⁰ 03’ 00.3’’ W,1880,Root endosphere of Pinus sylvestris,asymptomatic,vNSH07,Sierra Nevada
NSH07R-20220710,NSH07-20220710,19183,Event,Sampling,en,https://creativecommons.org/licenses/by/4.0/legalcode.es,"Lasa, A.V.; Fernández-González, A.J.; Villadas, P.J.; Mercado-Blanco, J.; Pérez-Luque, A.J.; Fernández-López, M. (2024). Mediterranean pine forest decline: a matter of root-associated microbiota and climate change. Science of The Total Environment 926: 171858. doi: 10.1016/j.scitotenv.2024.171858",CSIC-EEZ,Root-associated microbiota of decline-affected and asymptomatic Pinus sylvestris trees,DNA extraction from the rhizosphere of Pinus sylvestris trees and sequencing of the 16S rRNA gene for bacteria and the fungal ITS2 region for fungi,2022,7,19,Europe,Spain,ES,Granada,Aldeire,Tajo del Águila,37.1353055556,-3.05008333333,37⁰ 08’ 07.1’’ N 03⁰ 03’ 00.3’’ W,1880,Rhizosphere of Pinus sylvestris,asymptomatic,vNSH07,Sierra Nevada
NSH08E-20220710,NSH08-20220710,19183,Event,Sampling,en,https://creativecommons.org/licenses/by/4.0/legalcode.es,"Lasa, A.V.; Fernández-González, A.J.; Villadas, P.J.; Mercado-Blanco, J.; Pérez-Luque, A.J.; Fernández-López, M. (2024). Mediterranean pine forest decline: a matter of root-associated microbiota and climate change. Science of The Total Environment 926: 171858. doi: 10.1016/j.scitotenv.2024.171858",CSIC-EEZ,Root-associated microbiota of decline-affected and asymptomatic Pinus sylvestris trees,DNA extraction from the root endosphere of Pinus sylvestris trees and sequencing of the 16S rRNA gene for bacteria and the fungal ITS2 region for fungi,2022,7,19,Europe,Spain,ES,Granada,Aldeire,Tajo del Águila,37.1353055556,-3.05008333333,37⁰ 08’ 07.1’’ N 03⁰ 03’ 00.3’’ W,1880,Root endosphere of Pinus sylvestris,asymptomatic,vNSH08,Sierra Nevada
NSH08R-20220710,NSH08-20220710,19183,Event,Sampling,en,https://creativecommons.org/licenses/by/4.0/legalcode.es,"Lasa, A.V.; Fernández-González, A.J.; Villadas, P.J.; Mercado-Blanco, J.; Pérez-Luque, A.J.; Fernández-López, M. (2024). Mediterranean pine forest decline: a matter of root-associated microbiota and climate change. Science of The Total Environment 926: 171858. doi: 10.1016/j.scitotenv.2024.171858",CSIC-EEZ,Root-associated microbiota of decline-affected and asymptomatic Pinus sylvestris trees,DNA extraction from the rhizosphere of Pinus sylvestris trees and sequencing of the 16S rRNA gene for bacteria and the fungal ITS2 region for fungi,2022,7,19,Europe,Spain,ES,Granada,Aldeire,Tajo del Águila,37.1353055556,-3.05008333333,37⁰ 08’ 07.1’’ N 03⁰ 03’ 00.3’’ W,1880,Rhizosphere of Pinus sylvestris,asymptomatic,vNSH08,Sierra Nevada
NSH09E-20220710,NSH09-20220710,19183,Event,Sampling,en,https://creativecommons.org/licenses/by/4.0/legalcode.es,"Lasa, A.V.; Fernández-González, A.J.; Villadas, P.J.; Mercado-Blanco, J.; Pérez-Luque, A.J.; Fernández-López, M. (2024). Mediterranean pine forest decline: a matter of root-associated microbiota and climate change. Science of The Total Environment 926: 171858. doi: 10.1016/j.scitotenv.2024.171858",CSIC-EEZ,Root-associated microbiota of decline-affected and asymptomatic Pinus sylvestris trees,DNA extraction from the root endosphere of Pinus sylvestris trees and sequencing of the 16S rRNA gene for bacteria and the fungal ITS2 region for fungi,2022,7,19,Europe,Spain,ES,Granada,Aldeire,Tajo del Águila,37.1353055556,-3.05008333333,37⁰ 08’ 07.1’’ N 03⁰ 03’ 00.3’’ W,1880,Root endosphere of Pinus sylvestris,asymptomatic,vNSH09,Sierra Nevada
NSH09R-20220710,NSH09-20220710,19183,Event,Sampling,en,https://creativecommons.org/licenses/by/4.0/legalcode.es,"Lasa, A.V.; Fernández-González, A.J.; Villadas, P.J.; Mercado-Blanco, J.; Pérez-Luque, A.J.; Fernández-López, M. (2024). Mediterranean pine forest decline: a matter of root-associated microbiota and climate change. Science of The Total Environment 926: 171858. doi: 10.1016/j.scitotenv.2024.171858",CSIC-EEZ,Root-associated microbiota of decline-affected and asymptomatic Pinus sylvestris trees,DNA extraction from the rhizosphere of Pinus sylvestris trees and sequencing of the 16S rRNA gene for bacteria and the fungal ITS2 region for fungi,2022,7,19,Europe,Spain,ES,Granada,Aldeire,Tajo del Águila,37.1353055556,-3.05008333333,37⁰ 08’ 07.1’’ N 03⁰ 03’ 00.3’’ W,1880,Rhizosphere of Pinus sylvestris,asymptomatic,vNSH09,Sierra Nevada
NSH10E-20220710,NSH10-20220710,19183,Event,Sampling,en,https://creativecommons.org/licenses/by/4.0/legalcode.es,"Lasa, A.V.; Fernández-González, A.J.; Villadas, P.J.; Mercado-Blanco, J.; Pérez-Luque, A.J.; Fernández-López, M. (2024). Mediterranean pine forest decline: a matter of root-associated microbiota and climate change. Science of The Total Environment 926: 171858. doi: 10.1016/j.scitotenv.2024.171858",CSIC-EEZ,Root-associated microbiota of decline-affected and asymptomatic Pinus sylvestris trees,DNA extraction from the root endosphere of Pinus sylvestris trees and sequencing of the 16S rRNA gene for bacteria and the fungal ITS2 region for fungi,2022,7,19,Europe,Spain,ES,Granada,Aldeire,Tajo del Águila,37.1353055556,-3.05008333333,37⁰ 08’ 07.1’’ N 03⁰ 03’ 00.3’’ W,1880,Root endosphere of Pinus sylvestris,asymptomatic,vNSH10,Sierra Nevada
NSH10R-20220710,NSH10-20220710,19183,Event,Sampling,en,https://creativecommons.org/licenses/by/4.0/legalcode.es,"Lasa, A.V.; Fernández-González, A.J.; Villadas, P.J.; Mercado-Blanco, J.; Pérez-Luque, A.J.; Fernández-López, M. (2024). Mediterranean pine forest decline: a matter of root-associated microbiota and climate change. Science of The Total Environment 926: 171858. doi: 10.1016/j.scitotenv.2024.171858",CSIC-EEZ,Root-associated microbiota of decline-affected and asymptomatic Pinus sylvestris trees,DNA extraction from the rhizosphere of Pinus sylvestris trees and sequencing of the 16S rRNA gene for bacteria and the fungal ITS2 region for fungi,2022,7,19,Europe,Spain,ES,Granada,Aldeire,Tajo del Águila,37.1353055556,-3.05008333333,37⁰ 08’ 07.1’’ N 03⁰ 03’ 00.3’’ W,1880,Rhizosphere of Pinus sylvestris,asymptomatic,vNSH10,Sierra Nevada
NSH11E-20220710,NSH11-20220710,19183,Event,Sampling,en,https://creativecommons.org/licenses/by/4.0/legalcode.es,"Lasa, A.V.; Fernández-González, A.J.; Villadas, P.J.; Mercado-Blanco, J.; Pérez-Luque, A.J.; Fernández-López, M. (2024). Mediterranean pine forest decline: a matter of root-associated microbiota and climate change. Science of The Total Environment 926: 171858. doi: 10.1016/j.scitotenv.2024.171858",CSIC-EEZ,Root-associated microbiota of decline-affected and asymptomatic Pinus sylvestris trees,DNA extraction from the root endosphere of Pinus sylvestris trees and sequencing of the 16S rRNA gene for bacteria and the fungal ITS2 region for fungi,2022,7,19,Europe,Spain,ES,Granada,Aldeire,Tajo del Águila,37.1353055556,-3.05008333333,37⁰ 08’ 07.1’’ N 03⁰ 03’ 00.3’’ W,1880,Root endosphere of Pinus sylvestris,asymptomatic,vNSH11,Sierra Nevada
NSH11R-20220710,NSH11-20220710,19183,Event,Sampling,en,https://creativecommons.org/licenses/by/4.0/legalcode.es,"Lasa, A.V.; Fernández-González, A.J.; Villadas, P.J.; Mercado-Blanco, J.; Pérez-Luque, A.J.; Fernández-López, M. (2024). Mediterranean pine forest decline: a matter of root-associated microbiota and climate change. Science of The Total Environment 926: 171858. doi: 10.1016/j.scitotenv.2024.171858",CSIC-EEZ,Root-associated microbiota of decline-affected and asymptomatic Pinus sylvestris trees,DNA extraction from the rhizosphere of Pinus sylvestris trees and sequencing of the 16S rRNA gene for bacteria and the fungal ITS2 region for fungi,2022,7,19,Europe,Spain,ES,Granada,Aldeire,Tajo del Águila,37.1353055556,-3.05008333333,37⁰ 08’ 07.1’’ N 03⁰ 03’ 00.3’’ W,1880,Rhizosphere of Pinus sylvestris,asymptomatic,vNSH11,Sierra Nevada
NSH12E-20220710,NSH12-20220710,19183,Event,Sampling,en,https://creativecommons.org/licenses/by/4.0/legalcode.es,"Lasa, A.V.; Fernández-González, A.J.; Villadas, P.J.; Mercado-Blanco, J.; Pérez-Luque, A.J.; Fernández-López, M. (2024). Mediterranean pine forest decline: a matter of root-associated microbiota and climate change. Science of The Total Environment 926: 171858. doi: 10.1016/j.scitotenv.2024.171858",CSIC-EEZ,Root-associated microbiota of decline-affected and asymptomatic Pinus sylvestris trees,DNA extraction from the root endosphere of Pinus sylvestris trees and sequencing of the 16S rRNA gene for bacteria and the fungal ITS2 region for fungi,2022,7,19,Europe,Spain,ES,Granada,Aldeire,Tajo del Águila,37.1353055556,-3.05008333333,37⁰ 08’ 07.1’’ N 03⁰ 03’ 00.3’’ W,1880,Root endosphere of Pinus sylvestris,asymptomatic,vNSH12,Sierra Nevada
NSH12R-20220710,NSH12-20220710,19183,Event,Sampling,en,https://creativecommons.org/licenses/by/4.0/legalcode.es,"Lasa, A.V.; Fernández-González, A.J.; Villadas, P.J.; Mercado-Blanco, J.; Pérez-Luque, A.J.; Fernández-López, M. (2024). Mediterranean pine forest decline: a matter of root-associated microbiota and climate change. Science of The Total Environment 926: 171858. doi: 10.1016/j.scitotenv.2024.171858",CSIC-EEZ,Root-associated microbiota of decline-affected and asymptomatic Pinus sylvestris trees,DNA extraction from the rhizosphere of Pinus sylvestris trees and sequencing of the 16S rRNA gene for bacteria and the fungal ITS2 region for fungi,2022,7,19,Europe,Spain,ES,Granada,Aldeire,Tajo del Águila,37.1353055556,-3.05008333333,37⁰ 08’ 07.1’’ N 03⁰ 03’ 00.3’’ W,1880,Rhizosphere of Pinus sylvestris,asymptomatic,vNSH12,Sierra Nevada
